:020000022000DC
:106000000000012019620200016202000362020026
:10601000056202000762020009620200000000003F
:106020000000000000000000000000000B62020001
:106030000D620200000000000F6202001162020007
:1060400051C302001362020095D0020013620200E5
:10605000136202001362020091CF02001362020079
:106060001362020013620200136202001362020054
:106070001362020013620200136202001362020044
:10608000136202009D080300136202001362020003
:10609000136202001362020009350300136202005A
:1060A0001362020013620200136202001362020014
:1060B00013620200136202000000000000000000F2
:1060C00013620200136202001362020013620200F4
:1060D000136202001362020013620200000000005B
:1060E00000000000000000000000000000000000B0
:1060F00000000000000000000000000000000000A0
:10610000000000000000000000000000000000008F
:10611000000000000000000000000000000000007F
:10612000000000000000000000000000000000006F
:10613000000000000000000000000000000000005F
:10614000000000000000000000000000000000004F
:10615000000000000000000000000000000000003F
:10616000000000000000000000000000000000002F
:10617000000000000000000000000000000000001F
:10618000000000000000000000000000000000000F
:1061900000000000000000000000000000000000FF
:1061A00000000000000000000000000000000000EF
:1061B00000000000000000000000000000000000DF
:1061C00000000000000000000000000000000000CF
:1061D00000000000000000000000000000000000BF
:1061E00000000000000000000000000000000000AF
:1061F000000000000000000000000000000000009F
:10620000FEE7FEE7FEE7FEE7FEE7FEE7FEE7FEE766
:10621000FEE7FEE700F002B8FFF7FCBF0F484FF0C3
:106220000701884385460E4880470E48016841F4BF
:1062300070010160BFF34F8FBFF36F8F00F01AB88A
:1062400009480A490A4A884207D0521A05D00378F9
:1062500001300B700131013AF9D170470000012083
:106260008988020088ED00E0943E0300D82A0020CF
:10627000D82A002039493A480A1A02D00722914305
:106280008D46384938480A1A06D00722914381F3CF
:106290000988022282F3148834483549354A00F0CF
:1062A0003EF835483549364A00F039F83548364920
:1062B000364A00F034F836483649374A00F02FF8AD
:1062C00036483749374A00F02AF837483749384ABC
:1062D00000F025F837483849384A00F020F83848A7
:1062E0003849002200F033F837483849002200F0DE
:1062F0002EF837483749091A0DF05EFC364A9047A8
:1063000024482549884205D00268043003B49047E8
:1063100003BCF7E700200021304A9047FEE788429F
:1063200014D0521A12D003460B43134303242342C2
:1063300006D1036804300B600431043AF9D1704788
:10634000037801300B700131013AF9D1704788426E
:1063500002D002700130FAE770470000000001200F
:1063600000E0002000000120000001200461030083
:10637000D82A0020102C0020E0630200E063020015
:10638000903D030004610300D82A0020D82A002091
:10639000943E0300943E0300943E0300943E0300A9
:1063A000943E0300943E0300943E0300943E030099
:1063B000016103003C620300102C0020102C00201F
:1063C000102C0020CC3E0020CC3E0020CC3E0020F3
:1063D000CC3E0020CC5E00204162020071700200C1
:1063E00076DF704700BF18467ADF704700BF184657
:1063F0007CDF704700BF18467FDF704700BF18463C
:106400008FDF704700BF1846B1DF704700BF1846E6
:1064100033DF704700BF184600B583B003460091D4
:10642000ADF80630BDF80630009A1946024808F06B
:106430002BFE00BF03B000BDEFBEADDE00B583B0E4
:1064400009F06CFA0190019B0093009B002B04D093
:10645000034A9121009808F017FE00BF03B000BD69
:10646000943E030000B587B09DF80030012262F32E
:1064700003038DF800309DF80030012262F307130A
:106480008DF800306B460B2219491846FFF7B0FF14
:106490000590059B0493049B002B04D0154AA4216E
:1064A000049808F0F1FD01AB0822002118460DF018
:1064B000D7FB1023ADF804303C23ADF806300023A1
:1064C000ADF808304FF4C873ADF80A3001AB184688
:1064D000FFF78AFF0590059B0393039B002B04D0D5
:1064E000044AAE21039808F0CFFD00BF07B000BDFD
:1064F0000C3F0300943E030000B583B00190044AB2
:10650000BB21019808F0C0FD00BF03B000BD00BF73
:10651000943E030000B597B00190019B1B78002BBF
:106520000AD1774A774BD31ADB081B0443F00303E5
:10653000754918460CF024F8019B002B0BD1704ACA
:10654000704BD31ADB081B0443F001036F49184654
:106550000CF016F8D2E06A4A6A4BD31ADB081B0427
:1065600043F00300019B1B781A4669490CF015F8AB
:10657000019B1B78032B13D0032B00F3B080002B5F
:106580001AD0022B40F0AB805D4A5E4BD31ADB0879
:106590001B0443F003035F4918460BF0F1FFADE025
:1065A000574A584BD31ADB081B0443F003035A49DC
:1065B00018460BF0E5FFA1E0019B1B69002B03D0FF
:1065C000019B9B8A002B0BD14D4A4E4BD31ADB0803
:1065D0001B0443F00203514918460BF0D1FF8DE034
:1065E00003AB3222002118460DF03AFB002315932D
:1065F0000CE0019B1A69159B1344197803AA159B9B
:1066000013440A461A70159B01331593019B9B8A0C
:106610001A46159B9342ECD3019B9B8AADF83E3002
:106620003123ADF84E30019B1B890DF13E0203A9C9
:106630003B4805F095FA1290314A324BD31ADB08E9
:106640001B0443F00300019B1B891A4635490BF0DC
:10665000A4FF002314932BE0019B1A69149B13449D
:106660001B78184609F06AFC1190119B002B19D079
:10667000119B112B16D0224A224BD31ADB081B0484
:1066800043F00103119A284918460BF086FF119B2D
:106690001093109B002B05D0244A40F23B11109818
:1066A00008F0F2FC119B112BD6D0149B01331493EC
:1066B000019B9B8A1A46149B9342CDD3019B1A6976
:1066C000019B9B8A013B13441B780D2B15D100BF06
:1066D0000A2009F033FC0346112BF9D00DE0084ADB
:1066E000084BD31ADB081B0443F00200019B1B7804
:1066F0001A460F490BF051FF00E000BF17B000BD74
:106700002C3E0300043E0300183F03004C3F0300EF
:10671000603F0300743F0300B03F0300CC3F030021
:10672000E02A0020E43F0300FC3F0300943E030006
:106730002840030000B587B000230193334A344B4F
:10674000D31ADB081B0443F00303324918460BF04D
:1067500017FF314B01932D4A2D4BD31ADB081B0435
:1067600043F003032D4918460BF00AFF01AB19460D
:106770002B4804F0C1FD0590059B0493049B002B5E
:1067800005D0284A4FF4B271049808F07DFC1F4AE6
:106790001F4BD31ADB081B0443F00303224918469E
:1067A0000BF0EEFE02AB0422002118460DF058FA61
:1067B0001E4B0293154A164BD31ADB081B0443F0F9
:1067C0000303029A1A4918460BF0E7FE02AB19467A
:1067D000184805F01FF905900C4A0D4BD31ADB0839
:1067E0001B0443F00303144918460BF0C9FE059B34
:1067F0000393039B002B05D00A4A4FF4B87103980A
:1068000008F042FC00BF07B000BD00BF2C3E0300F3
:10681000043E030044400300F964020050400300BA
:10682000282C0020943E03005C4003001565020004
:1068300068400300E02A00208040030000B585B0D6
:106840000190019B1B78002B11D10A4B1B883B2127
:106850001846FFF7C5FD0390039B0293029B002B94
:1068600005D0054A4FF4C371029808F00DFC00BF33
:1068700005B000BDFC2A0020943E030000B583B0A3
:106880000190044A40F29111019808F0FDFB00BF0D
:1068900003B000BD943E030000B58BB001AB1C22D9
:1068A000002118460DF0DCF9002301934FF4A033CA
:1068B00002934FF4F023039303238DF81030002349
:1068C000ADF8123000238DF814300B4B06930B4BB0
:1068D000079301AB184603F0FDFC0990099B089350
:1068E000089B002B05D0064A4FF4D471089808F095
:1068F000CBFB00BF0BB000BD3D6802007D6802000D
:10690000943E030000B585B0002001F049FA0390E1
:10691000039B0293029B002B05D0124A40F2B31155
:10692000029808F0B1FB01F0C1FB0390039B0193B7
:10693000019B002B05D00B4A40F2B711019808F0DB
:10694000A3FBFFF765FD0390039B0093009B002BC7
:1069500005D0044A40F2BB11009808F095FB00BF37
:1069600005B000BD943E030000B585B003468DF828
:1069700007309DF80730002B11D0032B12D10220D5
:1069800001F00EFA0390039B0293029B002B0BD0A5
:10699000074A40F2CD11029808F076FB04E0FFF7B9
:1069A000B1FF02E000BF00E000BF00BF05B000BDC6
:1069B000943E030000B58DB00190009100990198BC
:1069C00004F0ECFF019B1B88562B00F0B580562B82
:1069D00000F3C580522B00F08880522B00F3BF805B
:1069E0003B2B00F096803B2B00F3B980212B4ED03F
:1069F000212B00F3B480132B63D0132B00F3AF8053
:106A0000102B02D0112B32D0A9E05D4A5D4BD31A76
:106A1000DB081B0443F003035B4918460BF0B0FD91
:106A2000072001F0BDF90B900B9B0593059B002BF4
:106A300005D0564A4FF4F571059808F025FB019BE7
:106A40009A88534B1A80524B1B881946514804F0C0
:106A500075FC0B900B9B0493049B002B00F0818032
:106A60004A4A40F2ED11049808F00EFB79E0444ADE
:106A7000444BD31ADB081B0443F003034649184672
:106A80000BF07EFD424B4FF6FF721A8074E000233C
:106A90008DF80C3000238DF80D30019B9B8803AAE4
:106AA00011461846FFF7ACFC0B900B9B0793079B16
:106AB000002B58D0354A4FF40071079808F0E4FADB
:106AC00051E0334B1888002300228521FFF794FC06
:106AD0000B900B9B0693069B002B46D02B4A40F253
:106AE0000621069808F0D0FA3FE0294B18880023C9
:106AF00000220021FFF788FC0B900B9B0993099B58
:106B0000002B34D0214A4FF40371099808F0BCFAE5
:106B10002DE0019B9B8813211846FFF761FC0B9029
:106B20000B9B0893089B002B23D0184A40F213219B
:106B3000089808F0A9FA1CE0019B9B8813211846CD
:106B4000FFF74EFC0B900B9B0A930A9B002B12D075
:106B50000E4A40F21A210A9808F096FA0BE000BF9C
:106B60000AE000BF08E000BF06E000BF04E000BF8D
:106B700002E000BF00E000BF00BF0DB000BD00BFDD
:106B80002C3E0300043E03008C400300943E0300AF
:106B9000FC2A0020282C00209C40030000B587B070
:106BA0000CF034FC0590059B0493049B002B05D04E
:106BB000154A40F23121049808F066FA0023019347
:106BC00001AB194601200CF0D5FC0590059B039301
:106BD000039B002B05D00C4A40F23721039808F0A4
:106BE00053FA01AB18460CF0E3FD0590059B0293A8
:106BF000029B002B05D0044A40F23B21029808F08A
:106C000043FA00BF07B000BD943E030000B583B057
:106C100001900091009B5A88104B1B889A421AD110
:106C2000009B1B8840F67722934214D1009B9B88DF
:106C3000033B9AB20A4B1A800A4A0B4BD31ADB0861
:106C40001B0443F00300064B1B881A46044B1B88A9
:106C500006490BF0B2FC00BF03B000BDFC2A0020C7
:106C6000FE2A00202C3E0300043E0300AC4003003B
:106C700000B585B01149124804F067FA0390039BF0
:106C80000293029B002B05D00E4A40F25621029837
:106C900008F0FAF9F7210A4804F081FA0390039BFF
:106CA0000193019B002B05D0064A40F2592101981F
:106CB00008F0EAF900BF05B000BD00BF0D6C02008E
:106CC000142C0020943E030000B587B003468DF8D5
:106CD00007309DF807300A2B06D00A2B36DC042B30
:106CE00005D0072B19D031E0FFF70CFE33E01B4B2A
:106CF0001B8813211846FFF773FB0590059B082B93
:106D000026D0059B0393039B002B21D0144A40F20D
:106D10006E21039808F0B8F91AE0104B1B884FF663
:106D2000FF72934216D10F4803F05BF90590059B63
:106D3000082B0FD0059B0493049B002B0AD0084A14
:106D40004FF41E71049808F09FF903E000BF02E0C1
:106D500000BF00E000BF00BF07B000BDFC2A00205C
:106D6000943E0300342C002000B587B00190019BB5
:106D70001B78022B55D0022B65DC002B02D0012B97
:106D800058D060E0334B1B781A46334B13441846F7
:106D900009F09CF82F4B1B780133DAB22D4B1A7097
:106DA0002C4B1B78013B2C4AD35C0A2B0DD0294B72
:106DB0001B78013B284AD35C0D2B06D0254B1B7852
:106DC0001A46264B1B889A423FD3224B1B78012B35
:106DD00023D9204B1B78ADF80E30214B1B880DF1C9
:106DE0000E021D491F4804F0BBFE0590059B082BB1
:106DF00010D0059B132B0DD0059B052B0AD0059BAE
:106E00000493049B002B05D0174A40F2A721049855
:106E100008F03AF9059B132BDBD00E4B00221A70B9
:106E200013E0019B5B68104A40F2B121184608F05C
:106E30002BF90BE0019B5B680B4A40F2B521184629
:106E400008F022F902E000BF00E000BF00BF07B079
:106E500000BD00BF683000206C300020FE2A0020FA
:106E6000FC2A0020E02A0020943E030030B58DB0BB
:106E7000134B04AC1D460FCD0FC495E8030084E806
:106E80000300104B00934FF4807301930E4B029359
:106E90004FF480730393694604A807230B4A08F054
:106EA00085FF0B900B9B0A930A9B002B05D0084A89
:106EB00040F2DA210A9808F0E7F800BF0DB030BDC3
:106EC000C84003006031002060320020696D02007C
:106ED000943E030000B5AFB001ABAC2200211846D0
:106EE0000CF0BEFE02238DF8043000238DF806302E
:106EF00005238DF807300123ADF85030114B159361
:106F000001238DF880304023239344F2506324936F
:106F10000D4B2A9301AB19460C4802F049FE2D9007
:106F20002D9B2C932C9B002B05D0094A40F2F52178
:106F30002C9808F0A9F80121044802F02CFE00BFAB
:106F40002FB000BD002B002069690200342C002006
:106F5000943E030000B587B001901749032000F06C
:106F600039FF0590059B0493049B002B05D0134A21
:106F70004FF44171049808F087F80DF10B0319469E
:106F8000002001F0F3F80590059B0393039B002B71
:106F900005D00A4A40F20731039808F075F89DF8C9
:106FA0000B30022B0CBF01230023DAB2019B1A70B5
:106FB00000BF07B000BD00BFC96C0200943E0300D3
:106FC00000B583B04FF4804100200BF00FF8019022
:106FD000019B0093009B002B05D0054A40F2123123
:106FE000009808F051F80AF099FF00BF03B000BD07
:106FF000943E030000B583B00AF0D4FC0190019BDD
:107000000093009B002B05D0044A40F21E310098EB
:1070100008F03AF800BF03B000BD00BF943E030083
:1070200008B50BF019FB034683F00103DBB2002B1C
:1070300001D00AF0CDFC00BF08BD000000B583B050
:107040000321094802F08CFE0190019B0093009BF4
:10705000002B05D0054A4FF44D71009808F014F844
:1070600000BF03B000BD00BF342C0020943E0300DD
:1070700000B583B0FFF7FAFEFFF7A2FFFFF7DEF9D6
:107080000DF107031846FFF765FFFFF7B3FFFFF7A2
:1070900085FDFFF7E7F9FFF7EBFDFFF74BFBFFF788
:1070A00019FFFFF7F9FB09480CF0A2FC084A094B4D
:1070B000D31ADB081B0443F00303074918460BF0FF
:1070C0005FFAFFF7BBFFFFF7ABFFFCE7E040030011
:1070D0002C3E0300043E0300F440030000B583B0DF
:1070E0000190019B1B68184600F008F90346002B2D
:1070F00004D105494FF4F670FFF78EF94FF0A04325
:10710000184603B000BD00BF2041030000B585B0A4
:107110000190084611461A4603468DF803300B4687
:107120008DF8023013468DF8013001AB1846FFF799
:10713000D5FF03909DF803209DF802305B001A43B1
:107140009DF801309B001A439DF818301B0242EA5B
:1071500003019DF81C301B04019A1943039B02F59F
:10716000E07243F8221000BF05B000BD00B585B045
:1071700003900023019300230093002301220121A7
:107180000398FFF7C3FF00BF05B000BD00B585B091
:1071900003900B468DF80B309DF80B3000220192C6
:1071A00000220092002200210398FFF7AFFF00BFEA
:1071B00005B000BD00B585B0019001AB1846FFF7E2
:1071C0008DFF0390019B012202FA03F319460398F5
:1071D00000F080F800BF05B000BD00B585B001909B
:1071E00001AB1846FFF77AFF0390019B012202FAD8
:1071F00003F31946039800F077F800BF05B000BD0F
:1072000000B585B0019001AB1846FFF767FF03900A
:10721000039BD3F804350293029BDA43019B0121BF
:1072200001FA03F31A40039BC3F80825019B0122CE
:107230009A40029B1A40039BC3F80C2500BF05B07F
:1072400000BD00B583B001900091009B002B03D1DD
:107250000198FFF7C2FF02E00198FFF7ABFF00BF04
:1072600003B000BD00B585B0019001AB1846FFF733
:1072700035FF0390039800F01DF80246019B22FAA7
:1072800003F303F00103184605B000BD00B585B057
:10729000019001AB1846FFF721FF0390039800F01F
:1072A00011F80246019B22FA03F303F0010318468A
:1072B00005B000BD82B00190019BD3F8103518468F
:1072C00002B0704782B00190019BD3F80435184694
:1072D00002B0704782B001900091019B009AC3F800
:1072E000082500BF02B0704782B001900091019B59
:1072F000009AC3F80C2500BF02B0704784B001901B
:10730000019B5B09029300230393029B002B03D193
:107310004FF0FF33039300BF019B03F01F03019362
:10732000039A019B22FA03F303F00103DBB2184630
:1073300004B0704700B585B00190019B032B03D9C1
:1073400010493A20FFF768F80F4A019B13441B7855
:107350001846FFF79BFF0346002B14BF01230023B1
:107360008DF80F309DF80F30002B14BF0123002340
:10737000DBB283F00103DBB203F00103DBB218469A
:1073800005B000BD50410300B841030000B583B013
:107390000190019B032B03D907494120FFF73CF8DB
:1073A000064A019B13441B7800211846FFF749FF4A
:1073B00000BF03B000BD00BF50410300B84103004F
:1073C00000B583B00190019B032B03D907494720E7
:1073D000FFF722F8064A019B13441B780121184647
:1073E000FFF72FFF00BF03B000BD00BF50410300F7
:1073F000B841030000B583B00023019305E0019874
:10740000FFF7DEFF019B01330193019B032BF6D9AC
:1074100000BF00BF03B000BD00B583B000230193DF
:1074200005E00198FFF7B2FF019B01330193019B37
:10743000032BF6D900BF00BF03B000BD00B583B079
:107440000190019B032B03D906495F20FEF7E4FF5F
:10745000054A019B13441B781846FFF7D1FE00BF75
:1074600003B000BD50410300B841030000B583B034
:107470000023019309E0094A019B13441B78184635
:10748000FFF774FE019B01330193019B032BF2D99B
:10749000FFF7B0FF00BF03B000BD00BFB84103005D
:1074A00000B585B00190019B032B03D91049AC2096
:1074B000FEF7B2FF0F4A019B13441B781846FFF7F3
:1074C000D1FE0346002B14BF012300238DF80F309B
:1074D0009DF80F30002B14BF01230023DBB283F093
:1074E0000103DBB203F00103DBB2184605B000BDB7
:1074F00050410300BC41030000B583B00023019359
:107500000AE0094A019B13441B7803211846FFF740
:107510003DFE019B01330193019B032BF1D900BF79
:1075200000BF03B000BD00BFBC41030084B00190A8
:107530004FF0FF330293002303930DE00A4A039BAD
:1075400013441B781A46019B934202D1039B02937A
:1075500005E0039B01330393039B032BEED9029BAE
:10756000184604B0704700BFBC41030000B583B0AB
:107570000190019B032B03D90549CB20FEF74CFF5B
:10758000044A019B13441B78184603B000BD00BF9A
:1075900050410300BC41030000B583B00190019B42
:1075A00003F00103002B01D0FFF760FF019B03F004
:1075B0000203002B01D0FFF79FFF00BF03B000BD07
:1075C00000B583B00190019B1B68184600F03CF8A1
:1075D0000346002B04D105494FF4F670FEF71CFF5B
:1075E0004FF0A043184603B000BD00BFC0410300E8
:1075F00000B585B001900B468DF8033001AB1846FD
:10760000FFF7DEFF0390019A039B02F5E07253F847
:107610002230019A23F44031039B02F5E07243F8D3
:107620002210019A039B02F5E07253F822109DF894
:1076300003301B04019A1943039B02F5E07243F8DF
:10764000221000BF05B000BD84B00190019B5B0912
:10765000029300230393029B002B03D14FF0FF33CF
:10766000039300BF019B03F01F030193039A019B47
:1076700022FA03F303F00103DBB2184604B07047AB
:1076800000B583B00190019B032B04D80198FFF74C
:1076900007FF034600E00023184603B000BD0000CA
:1076A00000B587B003460A468DF8073013468DF8BB
:1076B000063000238DF81730002304939DF807301F
:1076C0001846FFF733FF0490049B032B62D89DF804
:1076D0000630022B52D0022B5CDC002B31D0012B68
:1076E00058D13549049A13465B0013440B441B7868
:1076F0008DF817303049049A13465B0013440B444D
:1077000001331B78002B0ED02C4B2D4A4FF48041B7
:10771000184608F079F90390039B002B03D1284AFF
:107720009DF8073013702449049A13465B001344F4
:107730000B4402331978234A049B13440A461A70F7
:1077400028E01E4B184608F0B7F91E4A049B134464
:1077500019781948049A13465B0013440344023312
:107760001B78994215D11449049A13465B001344BF
:107770000B4402331B788DF817300AE00E49049A47
:1077800013465B0013440B4401331B788DF817300C
:1077900000E000BF9DF81730002B09D00A4B1B6892
:1077A000002B05D0084B1B689DF817201046984702
:1077B00000BF07B000BD00BF70330020482B002081
:1077C0007C330020803300206C33002000B583B070
:1077D0000190019B1B7802211846FFF761FF00BF53
:1077E00003B000BD00B583B00C4B1B78002B0FD04D
:1077F0000023019308E0019B022B02D00198FFF7C0
:10780000DFFD019B01330193019B032BF3D901E0C1
:10781000FFF7F0FD00BF03B000BD00BF68330020DC
:107820002DE9D04F92B003468DF83F3000231193DD
:1078300000231093BF4B1B78002B04D0BD4A0023BC
:107840001370FFF7CFFF9DF83F30172B00F37882BE
:10785000162B80F26E82152B00F05E82152B00F342
:107860006F82142B00F04E82142B00F36982132BCD
:1078700000F03E82132B00F36382122B00F0318262
:10788000122B00F35D82112B00F35A820D2B80F234
:10789000E0810C2B00F0D6810C2B00F351820B2BD6
:1078A00000F0C1810B2B00F34B820A2B00F0AC815E
:1078B0000A2B00F34582092B00F09781092B00F376
:1078C0003F82082B00F08281082B00F33982072BBE
:1078D00000F07481072B00F33382062B00F05E81E9
:1078E000062B00F32D82052B00F00581052B00F3FC
:1078F0002782042B00F0BE80042B00F32182032B8F
:1079000068D0032B00F31C82002B07D0002BC0F2A1
:107910001782013B012B00F213820BE0FFF762FF9D
:10792000854B184608F0C8F81190844A9DF83F30FE
:10793000137006E20020FFF7FDFC0346002B0ED07B
:107940000020FFF73DFD9DF83F30022B03D14FF49F
:10795000E163109310E04FF47A6310930CE0002081
:10796000FFF714FD9DF83F30022B02D1C82310937E
:1079700002E04FF4C8731093704A9DF83F301370C3
:107980006D4C109B0022009301924FF000024FF0CB
:107990000003DDE900673946CB03314643EA514332
:1079A0003146CA0312F57A71029143F10003039341
:1079B0004FF4FA624FF00003DDE902010CF046F8E3
:1079C00002460B46134600221946204608F01CF8D2
:1079D0001190B6E10020FFF7ADFC0346002B0ED05E
:1079E0000020FFF7EDFC9DF83F30032B03D14FF44F
:1079F0004873109310E04FF47A6310930CE000206A
:107A0000FFF7C4FC9DF83F30032B02D1C82310932D
:107A100002E04FF4C8731093484A9DF83F3013704A
:107A2000454C109B0022049305924FF000024FF04A
:107A30000003DDE904673946CB03314643EA51438D
:107A40003146CA0312F57A71069143F10003079398
:107A50004FF4FA624FF00003DDE906010BF0F6FF88
:107A600002460B46134600221946204607F0CCFF7B
:107A7000119066E10020FFF75DFC0346002B06D065
:107A80000020FFF79DFC4FF47A63109305E000207F
:107A9000FFF77CFC4FF4C8731093284A9DF83F30E1
:107AA0001370254C109B0022089309924FF000029E
:107AB0004FF00003DDE908673946CB03314643EA5E
:107AC00051433146CA0312F57A710A9143F100031A
:107AD0000B934FF4FA624FF00003DDE90A010BF05B
:107AE000B5FF02460B46134600221946204607F012
:107AF0008BFF119025E10020FFF71CFC0346002BB3
:107B00000DD00020FFF75CFC9DF83F30052B02D123
:107B1000C823109317E04FF47A63109313E000200A
:107B2000FFF734FC9DF83F30052B09D1C823109393
:107B300009E000BF61330020082B002060330020E3
:107B40004FF4C8731093814A9DF83F301370804CF6
:107B5000109B00229A4693464FF000024FF000031C
:107B60004FEACB3343EA5A434FEACA3212F57A71ED
:107B70000C9143F100030D934FF4FA624FF00003B0
:107B8000DDE90C010BF062FF02460B4613460022B2
:107B90001946204607F038FF1190D2E00020FFF789
:107BA0004DFC6A4A9DF83F301370694B002240F249
:107BB0006661184607F028FF1190C2E00020FFF729
:107BC000E5FB624A9DF83F301370BAE0614B012239
:107BD0001A700120FFF732FC5D4B002240F2666113
:107BE000184607F011FF1190ABE05A4B01221A70B2
:107BF0000120FFF723FC564B00224FF4005118469A
:107C000007F002FF11909CE0524B01221A700120F4
:107C1000FFF714FC4E4B002240F26661184607F055
:107C2000F3FE11908DE04B4B01221A700120FFF7FB
:107C300005FC474B00224FF40051184607F0E4FEC4
:107C400011907EE0FFF7E8FB404A9DF83F3013704B
:107C500077E0414B184607F02FFF11909DF83F3019
:107C6000C3F111031093109B002B33D0119B002BF9
:107C700030D1109B012B26D9374C109B9BB21A4652
:107C8000C82302FB03F3DA171E4617464FF0000223
:107C90004FF00003FB0343EA5643F20312F57A78F0
:107CA00043F100094FF4FA624FF0000340464946A1
:107CB0000BF0CCFE02460B46134600221946204626
:107CC00007F0A2FE11900220FFF760FB234B012278
:107CD0001A7036E00220FFF773FB204B00221A7067
:107CE0002FE0FFF77FFD194A9DF83F30137028E021
:107CF000FFF778FD0020FFF749FB144A9DF83F305D
:107D000013701EE0FFF76EFD0120FFF73FFB0F4AE7
:107D10009DF83F30137014E0FFF764FD0020FFF77B
:107D200035FB0120FFF732FB084A9DF83F30137006
:107D300007E0FFF771FB054A9DF83F30137000E044
:107D400000BF119B184612B0BDE8D08F60330020F1
:107D5000082B002061330020282B002068330020EE
:107D600000B583B00190074B1B6803F00103002BA3
:107D700004D0054B1B781846FFF752FD00BF03B037
:107D800000BD00BF643300206033002000B583B025
:107D900001900220FFF752FB00BF03B000BD0000BE
:107DA00000B585B003468DF8073000230393084BD8
:107DB0001B6803F00103002B05D09DF8073018461F
:107DC000FFF72EFD0390039B184605B000BD00BFD2
:107DD0006433002000B585B0019000910023039327
:107DE000294A019B1360294A009B1360019B03F001
:107DF0000203002B2AD00023029308E00122012174
:107E0000029800F053F80390029B01330293029B07
:107E1000032B02D8039B002BF0D0039B002B06D131
:107E200040F2333204211A4807F02EF80390039BE6
:107E3000002B02D107F0B0F80390039B002B05D173
:107E4000144A0021144807F0A5FD0390019B03F09C
:107E50000103002B14D00120FFF79EFB039B002B96
:107E600005D10E4A00210E4807F094FD0390039BB4
:107E7000002B05D10B4A01210B4807F08BFD039025
:107E8000039B184605B000BD643300206C3300200E
:107E9000FC410300CD770200F8410300617D020040
:107EA000F04103008D7D0200F441030084B0019095
:107EB0000B468DF8033013468DF8023000230393F0
:107EC000019B032B3DD89DF80230012B0CD19DF86E
:107ED0000330012B05D1019BDBB20E338DF802304C
:107EE00002E000238DF802309DF80330022B0FD002
:107EF000022B23DC002B16D0012B1FD11449019A31
:107F000013465B0013440B449DF802201A701AE0DC
:107F10000F49019A13465B0013440B4401339DF84B
:107F200002201A700FE00A49019A13465B001344BD
:107F30000B4402339DF802201A7004E007230393D8
:107F400001E007230393039B184604B0704700BF6A
:107F50007033002000B585B001900B468DF80330DA
:107F6000019B032B16D89DF80330002B03D003236D
:107F70008DF80F3002E000238DF80F300198FFF7E5
:107F8000F5FA02469DF80F3019461046FFF730FB10
:107F9000002300E00623184605B000BD00B583B0FD
:107FA000019001210198FFF7D5FF0346184603B061
:107FB00000BD00B583B0012200210020FFF776FF4D
:107FC0000190019B002B04D0019B072B01D0019B4A
:107FD0001CE0072202210120FFF768FF0190019BAE
:107FE000002B04D0019B072B01D0019B0EE0042243
:107FF00002210020FFF75AFF0190019B002B04D0C3
:10800000019B072B01D0019B00E00023184603B021
:1080100000BD00B583B0012202210020FFF746FF1A
:108020000190019B002B04D0019B072B01D0019BE9
:108030001CE0072202210120FFF738FF0190019B7D
:10804000002B04D0019B072B01D0019B0EE00A22DC
:1080500000210020FFF72AFF0190019B002B04D094
:10806000019B072B01D0019B00E00023184603B0C1
:1080700000BD00B583B001900120FFF701FB03466E
:10808000002B03D0019B02221A700CE00020FFF7A6
:10809000F7FA0346002B03D0019B0B221A7002E073
:1080A000019B00221A7000BF03B000BD00B583B071
:1080B0000020FFF773FF0190019B002B04D0019B70
:1080C000062B01D0019B0CE00120FFF767FF019018
:1080D000019B002B04D0019B062B01D0019B00E0EB
:1080E0000023184603B000BD00B585B00190009193
:1080F000019B1B88102B02D0112B18D02FE0194B9D
:108100001B68002B0DD1FFF754FF0390039B002B3E
:1081100007D0154B1B68002B03D0134B1B6803982B
:108120009847104B1B6801330E4A136017E00D4B44
:108130001B68013B0B4A13600A4B1B68002B0DD1D7
:10814000FFF767FF0390039B002B07D0064B1B68CC
:10815000002B03D0044B1B680398984700BF00BF57
:1081600005B000BD883300208433002000B585B001
:108170000190009100230393094A019B1360009B27
:10818000002B02D00098FFF774FF064B1B68002BF2
:1081900002D1FFF73EFF0390039B184605B000BDD8
:1081A0008433002088330020BFF34F8F00BF064B7D
:1081B000DB6803F4E0620449044B1343CB60BFF374
:1081C0004F8F00BF00BFFDE700ED00E00400FA059F
:1081D00082B0214B1B68B3F1FF3F0AD11F4B1B68D4
:1081E000DBB201931E4B1B681B0903F00F030093C6
:1081F00005E0194B1B6801931A4B1B680093019B08
:10820000062B24D1009B072B1DD0009B072B1CD8CD
:10821000009B062B15D0009B062B16D8009B052B28
:108220000DD0009B052B10D8009B032B03D0009B87
:10823000042B02D009E001230AE0012308E0012316
:1082400006E0012304E0012302E0012300E0002313
:10825000184602B0704700BF30010010E00F00F078
:10826000E80F00F03401001082B01B4B1B68DBB23A
:1082700001931A4B1B681B0903F00F030093019B2A
:10828000062B24D1009B072B1DD0009B072B1CD84D
:10829000009B062B15D0009B062B16D8009B052BA8
:1082A0000DD0009B052B10D8009B032B03D0009B07
:1082B000042B02D009E001230AE0002308E0002398
:1082C00006E0002304E0002302E0002300E0002396
:1082D000184602B0704700BFE00F00F0E80F00F052
:1082E00082B0214B1B68B3F1FF3F0AD11F4B1B68C3
:1082F000DBB201931E4B1B681B0903F00F030093B5
:1083000005E0194B1B6801931A4B1B680093019BF6
:10831000062B24D1009B072B1DD0009B072B1CD8BC
:10832000009B062B15D0009B062B16D8009B052B17
:108330000DD0009B052B10D8009B032B03D0009B76
:10834000042B02D009E001230AE0012308E0012305
:1083500006E0012304E0012302E0012300E0002302
:10836000184602B0704700BF30010010E00F00F067
:10837000E80F00F03401001082B01B4B1B68DBB229
:1083800001931A4B1B681B0903F00F030093019B19
:10839000062B24D1009B072B1DD0009B072B1CD83C
:1083A000009B062B15D0009B062B16D8009B052B97
:1083B0000DD0009B052B10D8009B032B03D0009BF6
:1083C000042B02D009E001230AE0002308E0002387
:1083D00006E0002304E0002302E0002300E0002385
:1083E000184602B0704700BFE00F00F0E80F00F041
:1083F00082B0214B1B68B3F1FF3F0AD11F4B1B68B2
:10840000DBB201931E4B1B681B0903F00F030093A3
:1084100005E0194B1B6801931A4B1B680093019BE5
:10842000062B24D1009B072B1DD0009B072B1CD8AB
:10843000009B062B15D0009B062B16D8009B052B06
:108440000DD0009B052B10D8009B032B03D0009B65
:10845000042B02D009E001230AE0012308E00123F4
:1084600006E0012304E0012302E0012300E00023F1
:10847000184602B0704700BF30010010E00F00F056
:10848000E80F00F03401001082B01B4B1B68DBB218
:1084900001931A4B1B681B0903F00F030093019B08
:1084A000062B24D1009B072B1DD0009B072B1CD82B
:1084B000009B062B15D0009B062B16D8009B052B86
:1084C0000DD0009B052B10D8009B032B03D0009BE5
:1084D000042B02D009E001230AE0002308E0002376
:1084E00006E0002304E0002302E0002300E0002374
:1084F000184602B0704700BFE00F00F0E80F00F030
:1085000082B01B4B1B68DBB201931A4B1B681B0923
:1085100003F00F030093019B062B24D1009B072B34
:108520001DD0009B072B1CD8009B062B15D0009B51
:10853000062B16D8009B052B0DD0009B052B10D8C1
:10854000009B032B03D0009B042B02D009E00123E6
:108550000AE0002308E0002306E0002304E00023F3
:1085600002E0002300E00023184602B0704700BF7D
:10857000E00F00F0E80F00F082B0214B1B68B3F170
:10858000FF3F0AD11F4B1B68DBB201931E4B1B68D8
:108590001B0903F00F03009305E0194B1B680193BF
:1085A0001A4B1B680093019B062B24D1009B072BC1
:1085B0001DD0009B072B1CD8009B062B15D0009BC1
:1085C000062B16D8009B052B0DD0009B052B10D831
:1085D000009B032B03D0009B042B02D009E0002357
:1085E0000AE0002308E0012306E0012304E0012360
:1085F00002E0012300E00023184602B0704700BFEC
:1086000030010010E00F00F0E80F00F0340100101E
:1086100082B0214B1B68B3F1FF3F0AD11F4B1B688F
:10862000DBB201931E4B1B681B0903F00F03009381
:1086300005E0194B1B6801931A4B1B680093019BC3
:10864000062B24D1009B072B1DD0009B072B1CD889
:10865000009B062B15D0009B062B16D8009B052BE4
:108660000DD0009B052B10D8009B032B03D0009B43
:10867000042B02D009E001230AE0012308E00123D2
:1086800006E0012304E0012302E0012300E00023CF
:10869000184602B0704700BF30010010E00F00F034
:1086A000E80F00F03401001082B0214B1B68B3F1D9
:1086B000FF3F0AD11F4B1B68DBB201931E4B1B68A7
:1086C0001B0903F00F03009305E0194B1B6801938E
:1086D0001A4B1B680093019B062B24D1009B072B90
:1086E0001DD0009B072B1CD8009B062B15D0009B90
:1086F000062B16D8009B052B0DD0009B052B10D800
:10870000009B032B03D0009B042B02D009E0012324
:108710000AE0012308E0012306E0012304E001232D
:1087200002E0012300E00023184602B0704700BFBA
:1087300030010010E00F00F0E80F00F034010010ED
:1087400082B0194B1B680193184B1B680093019B67
:10875000062B24D1009B072B1DD0009B072B1CD878
:10876000009B062B15D0009B062B16D8009B052BD3
:108770000DD0009B052B10D8009B032B03D0009B32
:10878000042B02D009E000230AE0002308E00023C4
:1087900006E0012304E0012302E0012300E00023BE
:1087A000184602B0704700BF3001001034010010BD
:1087B00082B0194B1B680193184B1B680093019BF7
:1087C000062B24D1009B072B1DD0009B072B1CD808
:1087D000009B062B15D0009B062B16D8009B052B63
:1087E0000DD0009B052B10D8009B032B03D0009BC2
:1087F000042B02D009E000230AE0002308E0002354
:1088000006E0002304E0012302E0012300E000234E
:10881000184602B0704700BF30010010340100104C
:1088200008B5FFF7C5FF0346002B07D04FF0102314
:108830004FF08042D3F80832C2F8583500BF08BD67
:1088400000BF044BD3F80034002BFAD000BF00BFA8
:10885000704700BF00E0014000B583B00190044ABA
:10886000019BC2F80435FFF7EBFF00BF03B000BD6A
:1088700000E00140024B034A1A6000BF704700BF8E
:10888000682B00200090D00308B5FFF7A1FC034639
:10889000002B06D0964B1B681B0A964A03F01F0359
:1088A0001360FFF7E1FC0346002B02D0924B934A82
:1088B0001A60FFF715FD0346002B06D0904B1B688E
:1088C0005B0B904A03F007031360FFF755FD034667
:1088D000002B05D08C4BDB688B4A23F08073D36070
:1088E000FFF786FD0346002B0ED04FF08043002299
:1088F000C3F80C214FF080430022C3F810214FF041
:1089000080430022C3F83825FFF7BEFD0346002B45
:1089100002D07E4B03221A60FFF7F2FD0346002BC4
:108920000BD07B4B05221A607A4B01221A607A4BDE
:1089300000221A60794B3F221A60FFF71DFE0346A2
:10894000002B76D04FF08053754AD3F80434C2F828
:1089500020354FF08053724AD3F80834C2F82435DA
:108960004FF080536E4AD3F80C34C2F828354FF0DC
:1089700080536B4AD3F81034C2F82C354FF0805333
:10898000674AD3F81434C2F830354FF08053644A44
:10899000D3F81834C2F834354FF08053604AD3F816
:1089A0001C34C2F840354FF080535D4AD3F8203470
:1089B000C2F844354FF08053594AD3F82434C2F8F2
:1089C00048354FF08053564AD3F82834C2F84C3516
:1089D0004FF08053524AD3F82C34C2F850354FF040
:1089E00080534F4AD3F83034C2F854354FF0805397
:1089F0004B4AD3F83434C2F860354FF08053484ABC
:108A0000D3F83834C2F864354FF08053444AD3F871
:108A10003C34C2F868354FF08053414AD3F84034B3
:108A2000C2F86C354FF080533D4AD3F84434C2F855
:108A30007035FFF7EDFD0346002B05D0394B1B6861
:108A4000394A03F04F031360FFF72EFE0346002B55
:108A50000DD04FF08043D3F8003403F00103002B16
:108A600005D04FF080436FF00102C3F80024FFF7F8
:108A700067FE0346002B05D02C4B1B682B4A43F4A2
:108A8000806313602A4BD3F88830294A43F470037B
:108A9000C2F88830BFF34F8F00BFBFF36F8F00BFA6
:108AA000FFF7BEFE4FF01023D3F80032002B05DB9A
:108AB0004FF01023D3F80432002B15DA0120FFF712
:108AC000CBFE4FF010231522C3F80022FFF7B8FEAB
:108AD0004FF010231522C3F80422FFF7B1FE002047
:108AE000FFF7BAFEFFF760FBFFF7C4FE00BF08BD4B
:108AF000240300104035014074C007400DF0ADBAAA
:108B0000440200103C050040F0ED00E0A0050040EC
:108B10001056004088560040185600401456004039
:108B200000C0004058020010E40E00403C17004016
:108B300000ED00E06DDF704700BF184679DF704739
:108B400000BF18467DDF704700BF184664DF7047DE
:108B500000BF184682B003460091ADF80630BDF85C
:108B60000630DAB2009B1A70BDF806301B0A9AB2C2
:108B7000009B0133D2B21A700223184602B070472C
:108B800000B589B0039002911346ADF80630029B00
:108B90001B8803F10902BDF806309A4201D90C2363
:108BA00053E004AB1846FFF7C5FF0790079B0693F9
:108BB000069B002B01D0069B47E0029B1B881A46B0
:108BC000039B134408221A70029B1B8801339AB23C
:108BD000029B1A80029B1B881A46039B13441B228C
:108BE0001A70029B1B8801339AB2029B1A80029B67
:108BF0001B881A46039B981804AB013306221946BA
:108C00000AF0FCFF029B1B8806339AB2029B1A8073
:108C10009DF8103023F00103DBB2002B07D1029B3B
:108C20001B881A46039B134400221A7006E0029B1D
:108C30001B881A46039B134401221A70029B1B884F
:108C400001339AB2029B1A800023184609B000BD76
:108C500000B589B0039002910192ADF80230039BF8
:108C60001B78012B05D1039B5B78002B01D10723D7
:108C700091E0019B1B889A1CBDF802309A420ED8E5
:108C8000039B1B78012B0CD1019B1B881A46039B6D
:108C90005B7813449A1CBDF802309A4201D90C2328
:108CA00079E0019B1B88BDF80220D31A9BB2023BDE
:108CB000ADF81C30BDF81C30ADF81230019B1B889C
:108CC0000233029A13440DF1120211461846FFF7BF
:108CD00039FF0690069B0593059B002B01D0059B51
:108CE00059E0039B1B78022B06D0039B5B781A4646
:108CF000BDF812309A4209D3BDF81230BDF81C20DD
:108D00009A4203D309238DF81F3016E008238DF80B
:108D10001F30039B1B78012B0BD1039B5B781A46FA
:108D2000BDF81C30934204D3039B5B78ADF812303E
:108D300003E0BDF81C30ADF81230BDF81230FE2B48
:108D400001D90C2327E0BDF81230DAB2019B1B8851
:108D50001946029B0B440132D2B21A70019B1B8848
:108D600001339AB2019B1A80019B1B881A46029B11
:108D700013449DF81F201A70019B1B8801339AB27F
:108D8000019B1A80019B1A88BDF8123013449AB2D5
:108D9000019B1A800023184609B000BD00B589B0B8
:108DA000039002911346ADF80630029B1B881A1DF2
:108DB000BDF806309A4201D90C233AE00DF11603B2
:108DC0001846FFF7BBFE0790079B0693069B002BF8
:108DD00001D0069B2DE0029B1B881A46039B13447F
:108DE00003221A70029B1B8801339AB2029B1A80DD
:108DF000029B1B881A46039B134419221A70029B7C
:108E00001B8801339AB2029B1A80BDF81620029B80
:108E10001B881946039B0B4419461046FFF79AFE20
:108E200003461A46029B1B8813449AB2029B1A807F
:108E30000023184609B000BD84B0029101921A4681
:108E400003468DF80F301346ADF80C30019B1B889C
:108E5000DA1CBDF80C309A4201D90C2328E0019BA2
:108E60001B881A46029B134402221A70019B1B881E
:108E700001339AB2019B1A80019B1B881A46029B00
:108E8000134401221A70019B1B8801339AB2019B83
:108E90001A80019B1B881A46029B13449DF80F20E1
:108EA0001A70019B1B8801339AB2019B1A80002320
:108EB000184604B0704784B0029101921A460346E6
:108EC0008DF80F301346ADF80C30019B1B88DA1C6F
:108ED000BDF80C309A4201D90C2328E0019B1B8875
:108EE0001A46029B134402221A70019B1B8801330D
:108EF0009AB2019B1A80019B1B881A46029B13445D
:108F00000A221A70019B1B8801339AB2019B1A80B6
:108F1000019B1B881A46029B13449DF80F201A7070
:108F2000019B1B8801339AB2019B1A8000231846CB
:108F300004B0704700B58DB0039001930B468DF8D7
:108F40000B3013468DF80A3000238DF82B300E9B22
:108F50001B88ADF8283000230B9372E0039B5A68FE
:108F60000B9B9B001A4404AB106818600DF11701AD
:108F700004AB00221846FFF7E9FD0890089B079311
:108F8000079B002B01D0079B7DE09DF817309DF8D3
:108F90000A209A4252D19DF82B30002B03D0002397
:108FA0008DF82A3002E002238DF82A300E9B1B88B0
:108FB0001A469DF817301A449DF82A301A44BDF815
:108FC0003C309A4201DD0C235DE09DF82B3083F0AC
:108FD0000103DBB2002B16D00E9B1B8801339AB223
:108FE0000E9B1A800E9B1B881A46019B13449DF80A
:108FF0000B201A700E9B1B8801339AB20E9B1A80AD
:1090000001238DF82B300E9B1B881A46019B1A44B6
:109010000DF1170104AB1846FFF798FD0890089B67
:109020000693069B002B01D0069B2CE00E9B1B8811
:109030009DF8172013449AB20E9B1A800B9B0133A4
:109040000B93039B1B881A460B9B934286DB9DF870
:109050002B30002B16D00E9B1A88BDF82830D31A5F
:109060009BB2013BADF82630BDF82630FF2B01D96D
:109070000C2308E0BDF82830019A1344BDF82620DF
:10908000D2B21A70002318460DB000BD00B58BB0E7
:10909000059003930B468DF8133013468DF812306C
:1090A0009DF81310BDF8343001930C9B0093039B83
:1090B00002220598FFF73EFF0990099B0893089B41
:1090C000002B01D0089B14E09DF81210BDF834303D
:1090D00001930C9B0093039B10220598FFF72AFF36
:1090E0000990099B0793079B002B01D0079B00E089
:1090F000002318460BB000BD82B00190019B1B8875
:10910000052B0AD9019B1B88B3F5486F07D9019B32
:109110001B884FF6FF72934201D0072325E0019B85
:109120005B88052B0AD9019B5B88B3F5486F07D98B
:10913000019B5B884FF6FF72934201D0072314E036
:10914000019B1B884FF6FF7293420DD0019B5B88F9
:109150004FF6FF72934207D0019B1A88019B5B88F0
:109160009A4201D9072300E00023184602B0704755
:1091700000B587B0039002910192ADF80230019BD7
:109180001B889A1DBDF802309A4201D90C234BE08E
:109190000398FFF7B1FF0590059B0493049B002BF8
:1091A00001D0049B40E0019B1B881A46029B13449C
:1091B00005221A70019B1B8801339AB2019B1A8009
:1091C000019B1B881A46029B134412221A70019BB2
:1091D0001B8801339AB2019B1A80039B1A88019B5A
:1091E0001B881946029B0B4419461046FFF7B2FC38
:1091F00003461A46019B1B8813449AB2019B1A80AE
:10920000039B5A88019B1B881946029B0B441946F5
:109210001046FFF79FFC03461A46019B1B88134428
:109220009AB2019B1A800023184607B000BD00B512
:1092300087B0039002910192ADF80230039B9B88A6
:1092400002330593019B1B881A46059B13449A1C05
:10925000BDF802309A4201D90C2353E0059BFE2B46
:1092600001D90C234EE0059BDAB2019B1B881946FD
:10927000029B0B440132D2B21A70019B1B8801334E
:109280009AB2019B1A80019B1B881A46029B1344C9
:10929000FF221A70019B1B8801339AB2019B1A802E
:1092A000039B1A88019B1B881946029B0B44194695
:1092B0001046FFF74FFC03461A46019B1B881344D8
:1092C0009AB2019B1A80039B9B88002B19D0039BA9
:1092D0009B68002B01D1072314E0019B1B881A46D1
:1092E000029B9818039B9968039B9B881A460AF077
:1092F00085FC019B1A88039B9B8813449AB2019BAF
:109300001A800023184607B000BD00B589B003904D
:1093100002910192ADF80230039B9B6A002B01D1B0
:10932000072371E000238DF81F3065E0039B996AE5
:109330009DF81F2013465B0013449B000B440693CB
:10934000069B9B8802330593059BFE2B01D90C23BA
:109350005AE0059BDAB2019B1B881946029B0B441D
:109360000132D2B21A70019B1B8801339AB2019B61
:109370001A80019B1B881A46029B134416221A70FE
:10938000019B1B8801339AB2019B1A80069B1A88A5
:10939000019B1B881946029B0B4419461046FFF798
:1093A000D9FB03461A46019B1B8813449AB2019BC2
:1093B0001A80069B9B88002B19D0069B9B68002B6C
:1093C00001D1072320E0019B1B881A46029B9818B5
:1093D000069B9968069B9B881A460AF00FFC019B26
:1093E0001A88069B9B8813449AB2019B1A809DF8A9
:1093F0001F3001338DF81F30039B93F82C309DF8FC
:109400001F209A4292D30023184609B000BD00B530
:1094100095B005900491039200231393039B1B883E
:10942000ADF84A30039B00221A80059B93F82D303B
:10943000002B0ED0BDF84A301A4603990498FFF766
:109440009FFB1390139B1193119B002B01D0119B39
:10945000D8E0059B9B78002B0ED0BDF84A301A4609
:1094600003990498FFF79AFC1390139B1093109B99
:10947000002B01D0109BC5E0059BDB78002B10D0A2
:10948000059BDB7858B2BDF84A30039A0499FFF780
:10949000D3FC1390139B0F930F9B002B01D00F9BBA
:1094A000B0E0059B5B68002B11D0059B5B6893F9CE
:1094B0000000BDF84A30039A0499FFF7FCFC1390B2
:1094C000139B0E930E9B002B01D00E9B9AE0059BE5
:1094D0001B89002B14D0059B03F10800BDF84A300E
:1094E0000193039B0093049B06220221FFF7CEFD0C
:1094F0001390139B0D930D9B002B01D00D9B81E0CE
:10950000059B1B8A002B14D0059B03F11000BDF8AE
:109510004A300193039B0093049B07220321FFF72A
:10952000B5FD1390139B0C930C9B002B01D00C9B4F
:1095300068E0059B1B8B002B14D0059B03F11800E2
:10954000BDF84A300193039B0093049B152214211C
:10955000FFF79CFD1390139B0B930B9B002B01D0EB
:109560000B9B4FE0059B1B6A002B0FD0059B186AD5
:10957000BDF84A30039A0499FFF7FAFD1390139B44
:109580000A930A9B002B01D00A9B3BE0059B5B6A78
:10959000002B0FD0059B586ABDF84A30039A0499F6
:1095A000FFF745FE1390139B0993099B002B01D0F5
:1095B000099B27E0059B93F82C30002B0ED0BDF8BB
:1095C0004A30039A04990598FFF79FFE1390139B66
:1095D0000893089B002B01D0089B13E0059B1B7888
:1095E000002B0ED0BDF84A30039A04990598FFF776
:1095F0002FFB1390139B0793079B002B01D0079B16
:1096000000E0139B184615B000BD86B00390019290
:109610001A460B46ADF80A3013468DF80930039B05
:10962000002B02D0019B002B01D100235CE0002322
:10963000ADF816300CE0BDF81630039A13441B78D1
:109640001A46BDF8163013449BB20133ADF81630FC
:10965000BDF816305A1CBDF80A309A420FDA019B49
:109660001B88BDF816209A42E5D3BDF816300133A9
:10967000039A13441B789DF809209A42DBD1BDF868
:109680001620BDF80A309A4201D300232CE0BDF821
:1096900016300233ADF81230BDF81630039A134479
:1096A0001B78002B08D0BDF81630039A13441B78A2
:1096B000013BADF8143002E00023ADF81430BDF8E2
:1096C0001430002B08D0BDF81220BDF814301A4415
:1096D000BDF80A309A4201DD002305E0019BBDF888
:1096E00012201A80BDF81430184606B0704700B535
:1096F00085B001900B46ADF8023013468DF801306D
:109700000023ADF80C309DF8013003AABDF802101B
:109710000198FFF77AFF0346ADF80E30BDF80E3022
:10972000002B01D1002304E0BDF80C301A46019B48
:109730001344184605B000BD72DF704700BF1846DD
:1097400073DF704700BF184674DF704700BF1846CC
:1097500082B00190019B93F83034184602B07047F4
:1097600084B00190002303930AE0019A039B134401
:109770001B78002B01D0012306E0039B01330393E8
:10978000039B052BF1D90023184604B07047000055
:1097900082B003468DF807309DF807305A1C074BFE
:1097A00083FB02135910D317C91A0B469B000B44B5
:1097B000D11ACBB2184602B0704700BF6766666622
:1097C00082B001900091009BDB7B012B04D1009BB8
:1097D0009A88019BA3F8242400BF02B0704700B50B
:1097E00085B001900091019B002283F82E24009BFC
:1097F0009A88019BB3F824349A4216D1019B1B79B5
:1098000083F00103DBB2002B0FD00121019800F09F
:10981000A7FA0390039B002B07D0019B9B6B002BA7
:1098200003D0019B9B6B0398984700BF05B000BD18
:1098300000B585B001900091009B1B88262B1ED19E
:10984000009B1B7A012B03D0009B1B7A022B17D1A4
:10985000019B9B781846FFF79BFF0346194601982A
:1098600000F07EFA0390039B002B09D0019B9B6BB9
:10987000002B05D0019B9B6B0398984700E000BF2D
:1098800005B000BD00B585B001900B468DF80330E2
:10989000019B03F227431846FFF762FF03468DF84A
:1098A0000F309DF80330042B2CD0042B30DC032B1D
:1098B00022D0032B2CDC012B02D0022B12D027E06C
:1098C000019B9B79002B0DD0019B93F8243083F0F2
:1098D0000103DBB2002B05D09DF80F30002B01D027
:1098E000012316E0019BDB79002B05D09DF80F309A
:1098F000002B01D002230CE0019B1B7A002B01D02E
:10990000032306E0019B5B7A002B01D0042300E0D7
:109910000023184605B000BD82B001900091019B64
:10992000012283F83120019B0022C3F82024019BEF
:1099300003F22642009B5A60009B00229A60009B23
:1099400002221A70009B80229A810023184602B0DE
:10995000704782B001900091019B022283F8312070
:10996000019B93F82430002B03D0009B07221A7030
:1099700002E0009B03221A70019B1B699AB2009BB4
:109980009A81019B0022C3F82024019B03F2264206
:10999000009B5A60019BDA68009B9A60002318467E
:1099A00002B0704700B583B00190019B5B79002B3A
:1099B0000FD0019B93F82E3483F00103DBB2002B10
:1099C00007D00198FFF7C4FE0346002B01D0012306
:1099D00000E0002303F00103DBB2184603B000BD32
:1099E00000B585B001900B468DF80330019BD3F88C
:1099F0001004019BB3F8143401221946FFF777FED7
:109A00000390039B002B03D0039B9DF803201A7047
:109A1000019B03F15400019B03F58261019B3C33E0
:109A20001A46FFF789FE0346184605B000BD00B58B
:109A300085B001900091019B5A69009B9A60019B3F
:109A40009B699AB2009B9A81019B93F82430002B6A
:109A500004D0019B062283F83C2003E0019B0122F5
:109A600083F83C200198FFF79DFF0346002B13D09D
:109A7000009B02221A7504210198FFF7B1FF0390A1
:109A8000039B0293029B002B01D0029B0FE0019BE2
:109A9000052283F8312003E0019B032283F8312063
:109AA000019B03F58262019BC3F820240023184622
:109AB00005B000BD00B585B001900091019BDA6949
:109AC000009B9A60019B1B6A9AB2009B9A81019B42
:109AD00093F82430002B04D0019B062283F83C200D
:109AE00003E0019B012283F83C200198FFF75AFF15
:109AF0000346002B13D0009B02221A750421019803
:109B0000FFF76EFF0390039B0293029B002B01D093
:109B1000029B0FE0019B062283F8312003E0019BAA
:109B2000042283F83120019B03F58262019BC3F874
:109B300020240023184605B000BD82B00190019B8F
:109B40009B78002B06D0019B93F82030002B01D08E
:109B500000230AE0019B9B6A042B03D0019B5B6AF4
:109B6000042B01D1002300E00123184602B0704706
:109B700084B00190019B93F82430002B03D0EE2396
:109B8000ADF80E3002E01F23ADF80E30BDF80E30F8
:109B9000184604B0704782B001900B468DF8033030
:109BA000019B9DF8032083F8302000BF02B070476E
:109BB00030B587B001900091009B002B02D0019B33
:109BC000002B01D10E23B8E0009B78331846FFF735
:109BD000B4FF034683F00103DBB2002B01D007235F
:109BE000ABE0019B00229A70019A009B141D03F1C7
:109BF00078050FCD0FC40FCD0FC495E8070084E89A
:109C00000700019B002283F83020009BD3F8A4209A
:109C1000019B5A63009BD3F8A820019B9A63019B88
:109C20004FF6FF72A3F82424019B03F58262019B87
:109C3000C3F82024019B03F2264307220021184683
:109C40000AF00EF8019B1B7883F00103DBB2002BB6
:109C500003D0019BFF2283F85420019B03F155029E
:109C6000019BC3F810240198FFF782FF03461A46B0
:109C7000019BA3F814240098019B03F15501019B5B
:109C800003F214431A46FFF7C2FB0590059B0493A9
:109C9000049B002B01D0049B4FE0019B03F2312277
:109CA000019BC3F818240198FFF762FF03461A4688
:109CB000019BA3F81C24009B03F13C00019BD3F8FB
:109CC0001814019B03F21C431A46FFF7A0FB0590F2
:109CD000059B0393039B002B01D0039B2DE0019B6D
:109CE000012283F85120019B9B699AB2019BA3F842
:109CF0004820019B012283F83C20019B00221A642A
:109D0000019B002283F85020019B5A69019B5A64F1
:109D1000019B03F15400019B3C331A460021FFF7DD
:109D20000BFD0590059B0293029B002B01D0029B2B
:109D300003E0019B01221A70059B184607B030BD55
:109D400082B00190019B1B68012B03D0019B1B6813
:109D5000022B01D1012300E00023184602B0704716
:109D600000B585B001900B468DF80330019B1B7840
:109D700083F00103DBB2002B01D008230AE1019B31
:109D80009DF803209A70019B03F2264307220021CD
:109D9000184609F065FF019B9B79002B03D0019BBE
:109DA0009B78012B0FD0019BDB79002B03D0019B0B
:109DB0009B78012B07D0019BDB79002B14D0019BF2
:109DC0009B78022B10D1019B5B6B002B08D0019B71
:109DD000012283F82D24019B5B6B0820984703E048
:109DE000019B002283F82D249DF803301946019829
:109DF000FFF748FD03461A46019B9A70019B5B6B77
:109E0000002B20D0019B9B78032B03D0019B9B78D8
:109E1000042B18D1019B5B79002B14D0019B93F884
:109E20002E3483F00103DBB2002B0CD0019B002207
:109E300083F83024019B012283F82F24019B5B6B64
:109E40000720984703E0019B002283F82F24019B01
:109E50003C3318220021184609F002FF019B012221
:109E600083F83C20019B2C331846FFF769FF03461B
:109E7000002B06D0019BDB6ADAB2019B83F85120EC
:109E800003E0019B012283F85120019B93F82430C9
:109E9000002B12D0019B28331846FFF751FF0346D1
:109EA000002B06D0019B9B6ADAB2019B83F85220FB
:109EB00003E0019B012283F85220019B002283F8DA
:109EC0005020019B9B78042B25D0042B30DC032BE6
:109ED00019D0032B2CDC022B0DD0022B28DC002BFD
:109EE00021D0012B24D1019B3C3319460198FFF767
:109EF00013FD03901DE0019B3C3319460198FFF7C9
:109F000028FD039015E0019B3C3319460198FFF7AB
:109F10008EFD03900DE0019B3C3319460198FFF73D
:109F2000C9FD039005E0019B002283F8312000E089
:109F300000BF019B9B78002B20D0019B03F15400B4
:109F4000019BD3F82014019B3C331A46FFF7F4FB26
:109F50000390039B002B01D0039B1BE0019B93F814
:109F60005420019B93F8303019461046FFF7E8FB68
:109F70000390039B002B01D0039B0BE0019B5B6BC9
:109F8000002B06D0019B5B6B019A92F831201046A2
:109F900098470023184605B000BD00B585B0019074
:109FA0000091009B0393019B1B88262B10D0262B2E
:109FB00013DC102B02D0112B05D00EE00199039871
:109FC000FFF7FEFB0AE001990398FFF708FC05E0A4
:109FD00001990398FFF72CFC00E000BF00BF05B01B
:109FE00000BD00B585B00190019B93F85430184630
:109FF000FFF7AAFB019B012283F82E24019B00227C
:10A0000083F83024019B002283F850200621019818
:10A01000FFF7E6FC0390039B0293029B002B01D009
:10A02000029B12E0019B9B7819460198FFF798FE6E
:10A030000390039B002B07D0019B9B6B002B03D04D
:10A04000019B9B6B039898470023184605B000BD01
:10A0500075DF704700BF184676DF704700BF1846AF
:10A060007ADF704700BF18467BDF704700BF184695
:10A0700084B00346ADF806300023039316E00F4981
:10A08000039A13469B0013449B000B441B88BDF8A6
:10A0900006209A4207D1039A13469B0013449B0063
:10A0A000064A134406E0039B01330393039B002BF2
:10A0B000E5D00023184604B0704700BFB03300203D
:10A0C00082B001900B46ADF80230019BBDF8022032
:10A0D0001A80019B00221A72019B054903F10A02B2
:10A0E0000B4603CB1060516000BF02B0704700BF49
:10A0F000E033002082B00190019B4FF6FF721A807E
:10A1000000BF02B0704788B00390029111461A4612
:10A110000B46ADF806301346ADF80430039B9B8820
:10A120001A46BDF8063013440793039B9B881946D3
:10A13000039B9B88BDF80620934228BF13469BB221
:10A14000CB1A0693039BDB881A46BDF804301344F0
:10A150000593039BDB881946039BDB88BDF804202D
:10A16000934228BF13469BB2CB1A0493029B5A8892
:10A17000039B1B889A4205D3029B5A88039B5B88EA
:10A180009A4201D900231CE0029B9B881A46069B39
:10A19000934205D8029B9B881A46079B934201D2A3
:10A1A00000230EE0029BDB881A46049B934205D8ED
:10A1B000029BDB881A46059B934201D2002300E0F4
:10A1C0000123184608B0704700B583B00190054BD5
:10A1D0009B69002B03D0034B9B690198984700BFF4
:10A1E00003B000BDC433002000B585B00346009124
:10A1F000ADF80630BDF8063000991846FFF728FF85
:10A200000390039B002B05D0039B112B02D00398D6
:10A21000FFF7DAFF039B002B0CBF01230023DBB207
:10A22000184605B000BD000000B589B00190019B43
:10A230000793079B9BB21846FFF71AFF0690069BF1
:10A24000002B42D0069B1A7A214B1B7B9A4215D2D7
:10A25000079B9AB2069B0A3319461046FFF7C4FFC4
:10A2600003468DF813309DF81330002B2DD0069B3C
:10A270001B7A0133DAB2069B1A7226E0069B002293
:10A280001A72134B1B7C002B0FD0079B9BB23B21F8
:10A290001846FFF7E1FE0590059B002B05D0059BB6
:10A2A000082B02D00598FFF78FFF094B5B69002B45
:10A2B0000BD000238DF80C30079B9BB2ADF80E300D
:10A2C000034B5B6903AA1046984700BF09B000BD65
:10A2D000C433002030B587B00190019B002B01D121
:10A2E0000E2353E02B4A019B14461D460FCD0FC48D
:10A2F00095E8070084E80700264B274A1A60019B6F
:10A300001B68002B11D0019B1B681846FFF7A8FEA5
:10A310000490049B002B01D0049B37E0019B1A683A
:10A320001D4B1068516803C308E01B48FFF79CFEF3
:10A330000490049B002B01D0049B27E0002305938D
:10A3400020E0059A13469B0013449B00134A1344D4
:10A3500003930398FFF7CEFE059B5B01104A1A4456
:10A36000039B5A60039B04330E4A0021184605F0F4
:10A3700011FB0490049B002B01D0032306E0059BF6
:10A3800001330593059B002BDBD00023184607B053
:10A3900030BD00BFC4330020E0330020B0330020C4
:10A3A0009033002029A2020000B587B00346009137
:10A3B000ADF80630009B5B7A002B1AD1009B1B7A0C
:10A3C000002B03D1164B5B68059302E0144B9B688E
:10A3D0000593009B5B68BDF806200599184605F0BB
:10A3E00013FB0490049B002B16D00498FFF7ECFE9F
:10A3F00012E0009B00221A72094B5B69002B0BD004
:10A4000001238DF80C30BDF80630ADF80E30044B4A
:10A410005B6903AA1046984700BF07B000BD00BFA4
:10A42000C433002000B585B00190019BDB7B8DF823
:10A430000F30019B9B88ADF80C309DF80F30012B3D
:10A440002CD14FF6FF70FFF713FE0290029B002BFA
:10A4500003D10420FFF7B8FE21E0BDF80C30194607
:10A460000298FFF72DFE029B03F10A00019B03F106
:10A4700010014FF6FF7340F2F312FFF744FE03465C
:10A480001A46029B5A72074BDB89002B07D1BDF895
:10A490000C3002991846FFF787FF00E000BF05B0B7
:10A4A00000BD00BFC433002000B587B00190019B00
:10A4B0009B88ADF81630BDF816301846FFF7D8FD6A
:10A4C0000490049B002B0ED0049B5B68184605F09B
:10A4D000F3FA0390039B002B02D00398FFF774FE5E
:10A4E0000498FFF707FE00BF07B000BD00B587B0B6
:10A4F0000190019B06330593059B1A88194BDB8954
:10A500009A422BD1059B5B89022B27D1019B9B880B
:10A51000ADF81230BDF812301846FFF7A9FD0390D0
:10A52000039B002B1AD0059B0C33184600F059FAF8
:10A530000346002B06D0BDF8123003991846FFF7EA
:10A5400033FF0BE0039B5B68184605F0B5FA0290F9
:10A55000029B002B02D00298FFF736FE00BF07B027
:10A5600000BD00BFC433002000B585B00190019B41
:10A570009B88ADF80E30BDF80E301846FFF778FD19
:10A580000290029B002B15D0029B03F10A00019B55
:10A5900003F108014FF6FF7340F2F312FFF7B3FD2A
:10A5A00003461A46029B5A72BDF80E3002991846AD
:10A5B000FFF7FAFE00BF05B000BD00B583B0019003
:10A5C0000091019B1B88502B12D0502B18DC122BB2
:10A5D00012D0122B14DC102B02D0112B04D00FE060
:10A5E0000198FFF71FFF0CE00198FFF75DFF08E0FF
:10A5F0000198FFF77BFF04E00198FFF7B5FF00E04B
:10A6000000BF00BF03B000BD30B58FB00190009116
:10A6100000230293009B002B1AD000230D9314E01B
:10A620006B460D99184606F074FA0346002B09D0C4
:10A63000029B5A1C02920D9A92B25B0038336B4413
:10A6400023F82C2C0D9B01330D930D9B132BE7D975
:10A65000019B1D4602AC0FCC0FC50FCC0FC594E873
:10A66000070085E8070001980FB030BD00B583B042
:10A670000346ADF80630BDF80630132B01D9002390
:10A680000CE0BDF806301946064806F013FABDF88E
:10A6900006301946044806F00DFA0123184603B0A7
:10A6A00000BD00BFF0330020EC33002000B585B0C2
:10A6B0000346ADF80630002303930DE0039B9B0097
:10A6C000094A13440433BDF806201146184606F023
:10A6D00008FA039B01330393039B1D2BEED900BFA4
:10A6E00000BF05B000BD00BFE833002000B583B057
:10A6F0000346ADF80630BDF806301946024806F0AC
:10A70000F0F900BF03B000BDF033002030B59BB0BE
:10A71000184B9B68DB431893164B5A6818AB1146CD
:10A72000184606F050FA189A6B4611461846FFF77D
:10A730006BFF0DAC6D460FCD0FC40FCD0FC495E868
:10A74000070084E80700002319930BE0199B5B00C6
:10A7500068336B4433F8303C1846FFF7A7FF199B6A
:10A76000013319930D9B199A9A42EFD300BF00BF92
:10A770001BB030BDE833002000B583B001900B461C
:10A78000ADF8023013468DF801309DF80130002BF2
:10A7900006D0BDF802301946019806F08BF905E0A5
:10A7A000BDF802301946019806F09BF900BF03B0CE
:10A7B00000BD000000B585B001900091019B9B8811
:10A7C000ADF80E30019B1B881A2B2ED01A2B71DC92
:10A7D000192B59D0192B6DDC102B02D0112B1ED048
:10A7E00068E0FFF793FFBDF80E301846FFF73EFF15
:10A7F000034683F00103DBB2002B05D02F4AF02182
:10A80000042004F041FC52E0019BDB7B022B4ED183
:10A81000BDF80E3019462A4806F04CF947E0BDF85D
:10A820000E301846FFF762FF44E0019B1B7AC3F32A
:10A830000313DBB28DF80D309DF80D30032B8CBF68
:10A8400001230023DAB2BDF80E3019461D48FFF788
:10A8500093FF9DF80D30022B8CBF01230023DAB249
:10A86000BDF80E3019461848FFF786FF9DF80D30E9
:10A87000012B8CBF01230023DAB2BDF80E3019463C
:10A880001248FFF779FF15E0019B1B7A002B10D1CE
:10A89000019B5B7AC3F3C0038DF80C309DF80C204C
:10A8A000BDF80E3019460748FFF766FF01E000BF0C
:10A8B00000E000BF00BF05B000BD00BF1C420300A8
:10A8C000F433002000340020FC330020F833002053
:10A8D00000B583B00346ADF80630BDF80630132B43
:10A8E00001D9002306E0BDF806301946034806F0FA
:10A8F00010F90346184603B000BD00BFEC3300203A
:10A9000000B583B00346ADF80630BDF806301846F2
:10A91000FFF7DEFF0346002B02D0BDF8063000E053
:10A920001423184603B000BD00B587B003900B4652
:10A930000192ADF80A30019B002B01D10E2338E0C3
:10A94000019B00221A60039B002B01D10E2330E0F3
:10A95000039B1B68002B01D10E232AE0039BDB889D
:10A9600003F003039BB2002B01D0072321E0BDF8C5
:10A970000A301846FFF7C4FF03468DF817309DF8DC
:10A980001730142B01D1052313E0039B1B799DF88D
:10A9900017209A4201D304230BE0039B1B689DF808
:10A9A00017200399C98801FB02F21A44019B1A601F
:10A9B0000023184607B000BD82B00190019B1B78B0
:10A9C0001AB2019B01331B781BB21B021BB213434B
:10A9D0001BB29BB2184602B07047AADF704700BF97
:10A9E000184600B585B001900198FFF7E5FF0346D2
:10A9F000ADF80E30BDF80E3003F00103DBB218469F
:10AA000005B000BD82B0034600918DF80730009A72
:10AA1000137823F00F031370009A137823F0F003D8
:10AA200013709DF80730052B51D0052B5DDC042BEE
:10AA300040D0042B59DC032B2FD0032B55DC022BE9
:10AA40001ED0022B51DC002B02D0012B0BD04CE08E
:10AA5000009A137823F00F031370009A137823F0F1
:10AA6000F003137040E0009A1378012161F30303AF
:10AA70001370009A1378012161F30713137033E008
:10AA8000009A1378012161F303031370009A13787D
:10AA9000022161F30713137026E0009A1378012155
:10AAA00061F303031370009A1378032161F3071312
:10AAB000137019E0009A1378022161F303031370F5
:10AAC000009A1378012161F3071313700CE0009AC8
:10AAD0001378022161F303031370009A13780221A3
:10AAE00061F30713137000BF00BF00BF02B07047CF
:10AAF00000B595B0034602910192ADF80E30029B6D
:10AB00009B78002B03D101238DF81E3003E0029BBC
:10AB10009B788DF81E30029B1B88ADF81C3006AB6D
:10AB200003220021184609F09BF8029B5B7C06AAD1
:10AB300011461846FFF766FF029B9A7C06AB01336D
:10AB400019461046FFF75EFF029BDA7B9DF81A302C
:10AB500062F3C3038DF81A30029B1A7C9DF81A30F9
:10AB600062F304138DF81A30029B1A7B9DF81A3099
:10AB700062F300038DF81A30029B1B7D002B01D07D
:10AB8000022200E001229DF81A3062F342038DF8A0
:10AB90001A300DAB1C220021184609F061F8029B07
:10ABA0005B7B03F01003DBB2002B06D1029B5B7BC7
:10ABB00003F02003DBB2002B24D004AB03220021DE
:10ABC000184609F04DF8029BDA7C04AB01331946B4
:10ABD0001046FFF717FF9DF81030012262F30303C0
:10ABE0008DF810309DF81030012262F307138DF8B4
:10ABF00010309DF81230012262F342038DF81230BA
:10AC000004AB1293029B5B7B8DF83430029B9B7BE1
:10AC10008DF8353008AB14220021184609F020F8D1
:10AC200007AB089306AB0993029B9B88ADF82C30C9
:10AC3000029B9B68002B06D0029BDB88ADF8283076
:10AC4000029B9B680C93029B9B69002B4FD005AB2A
:10AC500003220021184609F003F8029B9B691B8818
:10AC6000ADF83C30029B9B695B88ADF83E30029B9F
:10AC70009B695B680E9305AB1193029B9B691B7BE1
:10AC800005AA11461846FFF7BDFE029B9B695A7B39
:10AC900005AB013319461046FFF7B4FE029B9B69D2
:10ACA0009A7A9DF8163062F3C3038DF81630029B32
:10ACB0009B69DA7A9DF8163062F304138DF816302A
:10ACC000029B9B691A7A9DF8163062F300038DF897
:10ACD0001630029B9B699B7B002B01D0022200E077
:10ACE00001229DF8163062F342038DF81630029B64
:10ACF000DB69002B02D0029BDB69109308AA0DA927
:10AD0000BDF80E00019BFFF768FE0346184615B01C
:10AD100000BD90DF704700BF1846A5DF704700BF39
:10AD20001846B5DF704700BF184682B00190019BFE
:10AD3000F7221A80019B17225A80019B00221A7168
:10AD4000019B00225A71019BFB229A71019B1B22DD
:10AD5000DA7100BF02B0704730B589B003460A46C9
:10AD6000ADF806301346ADF80430BDF80430ADF848
:10AD70001430BDF80430ADF816300023ADF81830AB
:10AD80000023ADF81A3003AB00221A609A8003AAA0
:10AD900005A9BDF806301846FFF7BBFF0790079BD3
:10ADA000002B39D01E4A1F4BD31ADB081B0443F07B
:10ADB0000104BDF80650079806F040FF03462A46F6
:10ADC0001949204607F0F9FBBDF80C30002B03D1E0
:10ADD000BDF80E30002B0ED0114A124BD31ADB08EF
:10ADE0001B0443F00100BDF80C301A46BDF80E30CC
:10ADF0000E4907F0E2FBBDF81030002B0CD0084ADA
:10AE0000084BD31ADB081B0443F00103BDF81020E4
:10AE10000749184607F0C1FB079B184609B030BD2B
:10AE2000543E0300043E0300A0420300EC42030032
:10AE30002C43030010B586B001900091009B9B88C5
:10AE4000ADF80E30BDF80E30DB00019A1344063326
:10AE50000593019B1A79059B9A71009BDB7B012B63
:10AE600002D0022B05D009E0019B1A88059B1A80AD
:10AE700004E0019B5A88059B1A8000BF059B1A8835
:10AE8000059B5B889A4226D9059B1A88BDF80E302F
:10AE900011461846FFF741FF0490049B002B03D195
:10AEA000059B01225A7116E0049B112B03D1059BCF
:10AEB00001221A710FE0114A114BD31ADB081B044F
:10AEC00043F00104049806F0B9FE03461A460D4902
:10AED000204607F062FB059B9A79059BDB799A4235
:10AEE00008D9059B9B791A46BDF80E3011461846C5
:10AEF000FFF732FF00BF06B010BD00BF543E030095
:10AF0000043E03008443030000B583B00190009128
:10AF1000009B9B88DB00019A134406331846FFF719
:10AF200004FF00BF03B000BD00B587B001900091E1
:10AF3000009B9B88ADF81630009B5B89ADF8143000
:10AF4000BDF81630DB00019A134406330493049BCA
:10AF50001B88BDF81420934228BF13469AB2049B65
:10AF60005A80049B5B88172B38BF17239AB2049B27
:10AF70005A80019B1B69002B15D0049B5B79002B29
:10AF800011D040F67723ADF80830BDF81630ADF893
:10AF90000A30049B5B88ADF80C30019B1B6902AA48
:10AFA000114601989847049B00225A71049B002285
:10AFB0001A7100BF07B000BD10B588B001900091B4
:10AFC000009B9B88ADF81A30009BDB88ADF81830E9
:10AFD000BDF81A30DB00019A134406330593BDF81F
:10AFE0001830172B38BF1723ADF81830059B1B8876
:10AFF000BDF81820934228BF13469AB2059B5A8089
:10B00000059B00221A71059B1A88BDF81A3011465B
:10B010001846FFF786FE0790079B002B0FD0174AB4
:10B02000174BD31ADB081B0443F00104079806F002
:10B0300005FE03461A461349204607F0AEFA059B63
:10B040005B79002B16D1019B1B69002B13D040F6B6
:10B050007723ADF80C30BDF81A30ADF80E30059BF3
:10B060005B88ADF81030019B1B6903AA114601985B
:10B07000984700E000BF08B010BD00BF543E030079
:10B08000043E0300B843030030B591B00190009135
:10B09000009B04AC1D1D0FCD0FC40FCD0FC495E850
:10B0A000070084E80700BDF81030ADF83E30BDF869
:10B0B0001420BDF83E30D1B2019ADB0013440A4699
:10B0C0005A73019B1B69002B15D04DF67A23ADF8FE
:10B0D0000830BDF83E30ADF80A30BDF83E30019A78
:10B0E000DB0013445B7B8DF80C30019B1B6902AACB
:10B0F00011460198984700BF11B030BD00B587B028
:10B1000001900091009B04330593059B1B88DB0095
:10B11000019A134406330493059B9B888DF80F30E6
:10B12000049B9B799DF80F20934228BF13468DF80E
:10B130000E30059B1B889DF80E2092B211461846D2
:10B14000FFF70AFE00BF07B000BD00B585B0019053
:10B150000091019B002B01D10E231DE0019B009A61
:10B160001A61019BF7221A80019BF7225A80019BEA
:10B17000FB221A71002303930AE0039BDB00019A70
:10B18000134406331846FFF7D0FD039B01330393A6
:10B19000039B002BF1D00023184605B000BD82B000
:10B1A00001900B46ADF80230019B002B01D10E231C
:10B1B0000EE0BDF80230162B03D9BDF80230F72B94
:10B1C00001D9072304E0019BBDF802201A80002367
:10B1D000184602B07047000010B586B0019000918B
:10B1E000009B0593019B9B88ADF81230BDF812308F
:10B1F000002B70D1019B1B88552B21D0552B2EDCA9
:10B200003A2B18D03A2B2ADC242B1ED0242B26DCF8
:10B21000232B1FD0232B22DC102B02D0112B05D087
:10B220001DE001990598FFF705FE19E001990598C1
:10B23000FFF76AFE14E001990598FFF775FE0FE02D
:10B2400001990598FFF7B8FE0AE001990598FFF704
:10B250001BFF05E001990598FFF750FF00E000BFD4
:10B26000BDF81230059ADB0013449B7A002B33D0D3
:10B27000BDF81230059ADB001344DA88BDF81230AD
:10B2800011461846FFF749FD0390039B002B0ED192
:10B29000BDF81230059ADB00134400229A72BDF803
:10B2A0001230059ADB0013440122DA7214E0039B8A
:10B2B000112B11D0094A0A4BD31ADB081B0443F0A7
:10B2C0000104039806F0BAFC03461A4605492046D5
:10B2D00007F063F900E000BF06B010BD543E030064
:10B2E000043E030084430300B0DF704700BF1846EC
:10B2F00066DF704700BF184682B001900091019B45
:10B30000002B01D10E2316E0009B002B01D10E2350
:10B3100011E0019B1B78DE2B01D108230BE0009B81
:10B320001A68019B5A60019BDE221A70019B4FF63E
:10B33000FF725A800023184602B0704782B0019015
:10B340000B46ADF80230019B002B01D10E230AE021
:10B35000019B1B78DE2B01D0082304E0019BBDF884
:10B3600002205A800023184602B0704700B585B00D
:10B370000190019B1B7A002B18D0019B5B88002158
:10B380001846FFF7B5FF0390039B002B03D1019BE9
:10B3900000221A720AE0039B112B03D1019B0122A8
:10B3A0001A7203E0019B5B680398984700BF05B0E1
:10B3B00000BD00B583B001900091009B1B79012B6B
:10B3C0000BD1009B1A88019B5B889A4205D1019B97
:10B3D00001221A720198FFF7C9FF00BF03B000BD38
:10B3E00082B00190009100BF02B0704700B589B0F3
:10B3F00001900091009B1A88019B5B889A4236D18C
:10B40000009B02330793079B1B78022B31D1079BCC
:10B410001B7A042B07D0079B1B7A062B03D0079BB4
:10B420001B7A052B27D102AB00221A605A609A6062
:10B43000DA6002238DF808304FF4C073ADF80C3099
:10B44000079B1B7A052B02D10023ADF80C30009B23
:10B450001B8802AA11461846FFF746FF0690069B76
:10B46000002B09D0019B5B680698984704E000BF59
:10B4700002E000BF00E000BF09B000BD00B585B02C
:10B4800001900091009B002B43D0019B002B40D0EA
:10B49000009B0393039B1B78DE2B3AD1019B9A8878
:10B4A000039B5B889A4202D10398FFF75FFF019BE1
:10B4B0001B88512B18D0512B28DC112B1BD0112BA2
:10B4C00024DC012B02D0022B07D01FE0019B0433A8
:10B4D00019460398FFF76DFF1BE0019B04331946E3
:10B4E0000398FFF77DFF14E0019B0433194603988E
:10B4F000FFF77CFF0DE0019B9A88039B5B889A42D3
:10B5000006D1039B4FF6FF725A8001E000BF00E0B6
:10B5100000BF05B000BDA8DF704700BF1846ADDF13
:10B52000704700BF1846AEDF704700BF184662DFA5
:10B53000704700BF1846000000B591B0039002911B
:10B5400000230593724A734BD31ADB081B0443F0A4
:10B5500003037149184607F013F86D4A6D4BD31A6F
:10B56000DB081B0443F00300029A029B9B886B4993
:10B5700007F023F8039B5869029B9B8805AA19468C
:10B58000FFF7D2F90F90624A624BD31ADB081B0413
:10B5900043F00300029A029B9B88614907F00DF873
:10B5A0000F9B002B0CD05A4A5A4BD31ADB081B04B2
:10B5B00043F00100029B9B881A465A4906F0EDFFB2
:10B5C000534A544BD31ADB081B0443F00300029B7D
:10B5D0009B881A46039B1B89009313460F9A524976
:10B5E00006F0FEFF07AB08220021184608F038FBE2
:10B5F00006AB08930223ADF81C300023ADF81E30D3
:10B60000029B9888039B1B8907AA1946FFF787FFAF
:10B610000F900F9B002B11D03D4A3E4BD31ADB08F5
:10B620001B0443F00300029B9B881A46039B1B8963
:10B63000009313460F9A3C4906F0D2FF039B9B6987
:10B64000002B0BD0324A334BD31ADB081B0443F0D8
:10B6500003033649184606F093FF0AE02C4A2D4BA7
:10B66000D31ADB081B0443F003033149184606F0E4
:10B6700087FF0F9B002B47D1039B9B69002B43D077
:10B68000089B1846FFF7ADF90346002B3CD0059BFD
:10B69000002B0DD01E4A1F4BD31ADB081B0443F0AE
:10B6A00003032449184606F06BFF059B01221A701C
:10B6B000174A184BD31ADB081B0443F003031E4937
:10B6C000184606F05DFF09AB18220021184608F065
:10B6D000C7FA02238DF82430039B0A93029B9B88B0
:10B6E000ADF82C30059B0C93039B9B6909AA10466F
:10B6F0009847074A074BD31ADB081B0443F00303A0
:10B700000E49184606F03CFF00BF11B000BD00BF57
:10B71000443E0300043E0300F043030004440300DE
:10B72000204403004444030084440300A84403006D
:10B73000C4440300E0440300FC4403001845030034
:10B7400030B593B001900091684A694BD31ADB0879
:10B750001B0443F003036749184606F011FF009BE2
:10B7600006331193019B5869009B9B8808AA1946D0
:10B77000FFF7DAF81090109B002B0CD05B4A5C4B63
:10B78000D31ADB081B0443F00100009B9B881A4678
:10B79000594906F002FF09AB18220021184608F0AB
:10B7A0005FFA019B0A93009B9B88ADF82C30089BA5
:10B7B0000C934E4A4E4BD31ADB081B0443F0030094
:10B7C000009B9B881A46089B4C4906F0F6FE119B8D
:10B7D0001A88019B1B899A426AD1119B5B89022BB3
:10B7E00066D1089B002B7DD0119B0C331846FFF7C8
:10B7F000F8F80346002B11D03C4A3D4BD31ADB0826
:10B800001B0443F003033E49184606F0B9FE089BAB
:10B8100001221A7002238DF8243005E0089B0022D3
:10B820001A7003238DF82430019B9B69002B0FD0E5
:10B830002E4A2F4BD31ADB081B0443F00303314974
:10B84000184606F09DFE019B9B6909AA1046984781
:10B85000089B1B78002B45D0244A254BD31ADB08C4
:10B860001B0443F003032849184606F089FE274BC2
:10B8700003AC1D460FCD0FC42B6823701023ADF809
:10B880000A30BDF82C300DF10A0203A9019800F02E
:10B8900067F90F90154A164BD31ADB081B0443F0C7
:10B8A0000300119B1B881A46194906F076FE19E021
:10B8B000119B1A88019B9B899A4214D1019B9B6919
:10B8C000002B10D000238DF82430119B0C330D93E6
:10B8D000119B5B89ADF83830019B9B6909AA104622
:10B8E000984700E000BF00BF13B030BD443E0300E6
:10B8F000043E030030450300444403004445030074
:10B90000644503008045030094450300CC450300D3
:10B91000B445030000B58BB001900091019B5869BC
:10B92000009B9B8802AA1946FEF7FEFF0990099B1F
:10B93000002B0DD0164A174BD31ADB081B0443F01B
:10B940000100009B9B881A46134906F026FE1DE065
:10B95000029B1B78002B19D0019B9B69002B15D0F3
:10B9600003AB18220021184608F07AF901238DF85C
:10B970000C30019B0493009B9B88ADF81430029B14
:10B980000693019B9B6903AA104698470BB000BD24
:10B99000443E0300043E03004444030000B585B068
:10B9A00001900091009B002B29D0019B002B26D0F9
:10B9B000009B0393019B1B88572B1BD0572B20DC2C
:10B9C000102B02D0502B10D01BE00F4A0F4BD31A74
:10B9D000DB081B0443F003030D49184606F0D0FDB5
:10B9E00001990398FFF7A8FD0CE001990398FFF770
:10B9F000A7FE07E001990398FFF78CFF02E000BF64
:10BA000000E000BF05B000BD443E0300043E03005B
:10BA1000E045030010B592B0019000914F4B0AAC85
:10BA20000FCB84E80F00019B002B01D10E2391E086
:10BA3000009B002B01D10E238CE0009B1A68019B18
:10BA40009A61019A0AAB11461846FFF770FD1190F2
:10BA5000119B1093109B002B01D0109B7AE0019B4F
:10BA60001B788DF83A300123ADF83830019B9A1CD1
:10BA70000EAB19460120FFF74EFD1190119B0F935D
:10BA80000F9B002B01D00F9B64E002AB2022002112
:10BA9000184608F0E5F80223ADF80830019B1B7842
:10BAA0008DF80A30F423ADF80C300123ADF80E30D8
:10BAB00001238DF814309DF8153043F008038DF8FC
:10BAC00015309DF8153043F004038DF8153001232F
:10BAD0008DF8193001238DF81A30019B5888019B8D
:10BAE00003F10C0202AB1946FFF702F81190119B0B
:10BAF000002B01D0119B2DE002AB20220021184623
:10BB000008F0AEF80323ADF80830019B1B788DF8E0
:10BB10000A30F423ADF80C300123ADF80E300123C8
:10BB20008DF814309DF8153043F010038DF8153062
:10BB300001238DF8193001238DF81A3001238DF877
:10BB40001B30019B5888019B1A1D02AB1946FEF75A
:10BB5000CFFF0346184612B010BD00BFF4450300E6
:10BB600000B58DB0039002910192ADF80230039BB5
:10BB7000002B01D10E234FE0039B5B6905AABDF8A2
:10BB800002101846FEF7D0FE0B900B9B0A930A9BFF
:10BB9000002B01D00A9B3FE0BDF802304FF6FF7248
:10BBA000934202D0059B002B01D1052334E0059B75
:10BBB0001B7883F00103DBB2002B01D008232BE0BC
:10BBC000019B1B88F42B01D9072325E006AB10222B
:10BBD0000021184608F044F8039B9B88ADF8183004
:10BBE0000F4A104BD31ADB081B0443F00300039BDE
:10BBF0009B881A460C4906F0D0FC029B0993019BD6
:10BC0000089301238DF81A3006AABDF802301146B8
:10BC10001846FFF788FC034618460DB000BD00BF6C
:10BC2000443E0300043E03000446030082B0034682
:10BC30008DF807309DF90730002B13DB9DF8073096
:10BC400003F01F0209499DF907305B09012000FA42
:10BC500002F2203341F82320BFF34F8F00BFBFF320
:10BC60006F8F00BF00BF02B0704700BF00E100E06F
:10BC7000044BD3F80034002B14BF01230023DBB2A4
:10BC8000184670470000014008B507F011FC034654
:10BC900083F00103DBB2002B03D109497B20FAF7C3
:10BCA000BBFBFFF7E5FF034683F00103DBB2002B8C
:10BCB00004D000F02DFB034B00229A7000BF08BD9A
:10BCC000284603006434002000B583B000230193AC
:10BCD000174B1B78002B02D0852301931CE0144BDB
:10BCE00000229A60124B00225A60114B00221A6106
:10BCF0000F4B0022DA600F4800F0D2FA019007F0F3
:10BD0000D7FB034683F00103DBB2002B01D000F028
:10BD1000EBFA074B01221A70FFF7AAFF0346002B2C
:10BD200002D0034B01229A70019B184603B000BD5C
:10BD30006434002009BE020084B00190019B1B689E
:10BD40000393039B002B03D0039B1A68019B1A608B
:10BD5000039B184604B0704700B583B0164B1B78A0
:10BD6000002B04D1154940F21710FAF755FB124B7E
:10BD7000DB68002B04D111494FF48C70FAF74CFBAF
:10BD800000238DF807300DF10703184604F076F90B
:10BD9000094BDB68013B084AD360074BDB68002B8B
:10BDA00001D1FFF771FF9DF80730184604F07AF9CA
:10BDB00000BF03B000BD00BF64340020284603006C
:10BDC00000B585B003468DF807309DF80730002B8D
:10BDD00002D10B4B039301E00A4B03930398FFF747
:10BDE000ABFF0290029B002B06D0029B5B689DF884
:10BDF000072010469847F1E700BF00BF05B000BD1F
:10BE00006C3400207434002000B583B003468DF8F4
:10BE100007309DF80730002B05D1094B01225A70DD
:10BE20000020FFF7CDFF9DF80730012B05D1044B13
:10BE300001229A700120FFF7C3FF00BF03B000BDCD
:10BE40006434002000B583B001900091019B002B69
:10BE500005D1044B01225A700020FFF7B1FF00BF4B
:10BE600003B000BD6434002000B585B003460091E6
:10BE70008DF807309DF80730032B29D0032B35DCD4
:10BE8000002B02D0012B04D030E00020FFF7CEFEC3
:10BE90002DE000238DF80F300DF10F03184604F04C
:10BEA000EDF8144B1B7883F00103DBB2002B01D0BB
:10BEB000FFF70AFF0F4BDB6801330E4AD3600D4BCF
:10BEC00001229A709DF80F30184604F0EBF80EE04E
:10BED000084B1B78002B04D1074940F25220FAF797
:10BEE0009BFA00F001FAFFF737FF00E000BF00BF48
:10BEF00005B000BD643400202846030000B589B0B9
:10BF000001900091009B0793019B1B788DF80C30EA
:10BF1000019B5B680493019B9B68DBB28DF8143036
:10BF2000019BDB680693074A079B52F823300649BA
:10BF3000079A51F8221003AA1046984700BF09B08B
:10BF400000BD00BF783400207C34002000B589B0EB
:10BF500001900091009B0793019B1B788DF80C309A
:10BF6000019B5B680493019B9B68DBB28DF81430E6
:10BF7000019BDB680693074A079B52F8233006496A
:10BF8000079A51F8221003AA1046984700BF09B03B
:10BF900000BD00BF783400207C34002030B58FB065
:10BFA000039002910192039B1B780C9326490C9BF2
:10BFB000019A41F82320029B1A6924490C9B41F8FD
:10BFC0002320029B5B7F1946214A0C9B13440A469F
:10BFD0001A70029B04AC1D460FCD0FC495E80F00EC
:10BFE00084E80F000C9B089300230D93039B1B78A0
:10BFF0001A46174B9B5C002B0DD0039B181D019B11
:10C00000002B01D0134A00E0002204AB194602F0D5
:10C01000B3F90D9014E0039B1B781A460C4B9B5C04
:10C02000002B0DD1039B03F10C00019B002B01D0D1
:10C03000094A00E0002204AB194601F00FFB0D9005
:10C040000D9B18460FB030BD783400207C340020A2
:10C0500080340020FDBE02004DBF020082B00346C6
:10C060008DF807309DF90730002B0CDB9DF8073069
:10C0700003F01F0205499DF907305B09012000FA12
:10C0800002F241F8232000BF02B0704700E100E057
:10C0900082B0034600918DF807309DF90730002BE0
:10C0A0000ADB009BDAB20C499DF907305201D2B28B
:10C0B0000B4483F800230BE0009BDAB207499DF89C
:10C0C000073003F00F03043B5201D2B20B441A763F
:10C0D00000BF02B0704700BF00E100E000ED00E0EB
:10C0E00082B00190019B1B0B5BB2184602B07047F7
:10C0F00000B583B003460A468DF8073013468DF825
:10C1000006309DF80630012B03D99DF80630032B2D
:10C110000BD99DF80630042B03D99DF80630072B68
:10C1200003D907496B20FAF777F99DF806209DF9A6
:10C13000073011461846FFF7ABFF00BF03B000BD44
:10C140009C46030000B583B003468DF807309DF987
:10C1500007301846FFF782FF00BF03B000BD0000A4
:10C1600082B003468DF807300E4A9DF90730002B48
:10C1700000DA1F335B115BB252F823209DF90730C0
:10C18000594203F01F0301F01F0158BF4B425BB23D
:10C1900022FA03F303F00103C3F30003DBB21846F2
:10C1A00002B0704700E100E082B001904FF08042A1
:10C1B000019BC2F8083300BF02B0704782B003464B
:10C1C0008DF807309DF8073003F1804301221A6093
:10C1D00000BF02B0704784B00346ADF80630BDF82A
:10C1E000063003F1804300221A60BDF8063003F1E7
:10C1F00080431B680393039B00BF04B0704782B069
:10C200000346ADF80630BDF8063003F180431B68E5
:10C21000002B14BF01230023DBB2184602B0704785
:10C2200082B001904FF08042019BC2F8183500BFE8
:10C2300002B070474FF08043D3F818341B0C03F062
:10C240000103C3F30003DBB21846704700B583B0A7
:10C2500006238DF807304FF08040FFF741FF03467B
:10C260001846FFF77DFF034683F00103DBB2002B86
:10C2700013D04FF08040FFF733FF03461A469DF876
:10C28000073019461046FFF733FF4FF08040FFF7A5
:10C2900027FF03461846FFF755FF00BF03B000BD58
:10C2A00000B585B00190019B002B03D10C49A4205F
:10C2B000FAF7B2F8002303930A4B1B79002B02D044
:10C2C0008523039308E0074A019B1360054B012275
:10C2D0001A71044B00225A71039B184605B000BD29
:10C2E000D44603008434002008B5074B1B79002B8B
:10C2F00003D10649BD20FAF78FF8FFF7A7FF012009
:10C30000FFF78EFF00BF08BD84340020D446030031
:10C3100008B50D4B1B79002B03D10C49F720FAF718
:10C320007BF80220FFF740FF4FF48270FFF753FFC6
:10C330000C20FFF743FF00BFFFF77CFF0346002BF5
:10C34000FAD100BF00BF08BD84340020D4460300EA
:10C3500008B54FF48070FFF752FF0346002B14D04E
:10C360004FF48070FFF737FF0120FFF71DFF114BDF
:10C370005B7983F00103DBB2002B06D00D4B012269
:10C380005A710C4B1B68002098474FF48270FFF7DE
:10C3900036FF0346002B0AD04FF48270FFF71BFFD5
:10C3A0000220FFF701FF034B1B680120984700BFE5
:10C3B00008BD00BF8434002082B003468DF80730EA
:10C3C0009DF90730002B0CDB9DF8073003F01F02AE
:10C3D00005499DF907305B09012000FA02F241F896
:10C3E000232000BF02B0704700E100E082B00346A6
:10C3F00000918DF807309DF90730002B0ADB009B78
:10C40000DAB20C499DF907305201D2B20B4483F8DD
:10C4100000230BE0009BDAB207499DF8073003F0D8
:10C420000F03043B5201D2B20B441A7600BF02B094
:10C43000704700BF00E100E000ED00E082B0019035
:10C44000019B1B0B5BB2184602B0704700B583B06E
:10C4500003460A468DF8073013468DF806309DF8DE
:10C460000630012B03D99DF80630032B0BD99DF81C
:10C470000630042B03D99DF80630072B03D9074952
:10C480006B20F9F7C9FF9DF806209DF9073011468A
:10C490001846FFF7ABFF00BF03B000BD48470300DD
:10C4A00000B583B003468DF807309DF90730184674
:10C4B000FFF782FF00BF03B000BD00B583B00346A5
:10C4C000ADF80630BDF80630184600F024F80346F3
:10C4D0001B68012B0CBF01230023DBB2184603B0FD
:10C4E00000BD00B585B00346ADF80630BDF8063096
:10C4F000184600F010F803461A4600231360BDF8F2
:10C500000630184600F007F803461B680393039BA8
:10C5100000BF05B000BD82B00346ADF80630BDF8DF
:10C52000063003F1804303F5C043184602B070475C
:10C5300082B00190034A019BC2F8043300BF02B0ED
:10C54000704700BF0060004082B00190034BD3F8F9
:10C550000423019B1340184602B07047006000405E
:10C5600082B00190084A019B03F5A27352F8233070
:10C57000054943F00102019B03F5A27341F8232012
:10C5800000BF02B0704700BF0060004084B003905D
:10C59000029113468DF80730144A039B03F5A273EA
:10C5A00052F82330114923F4473323F44073039A9C
:10C5B00002F5A27241F822300C4A039B03F5A273E4
:10C5C00052F82320029B1B0203F4F8519DF8073018
:10C5D0001B0403F440330B4304491A43039B03F544
:10C5E000A27341F8232000BF04B0704700600040F0
:10C5F00082B00190054A019B03F5A27352F82330E3
:10C600001B0A03F01F03184602B070470060004089
:10C6100082B00190064A019B03F5A27352F82330C1
:10C620001B0C03F00303DBB2184602B0704700BFD7
:10C630000060004000B583B00190019B1B68184664
:10C6400000F00DF90346002B04D105494FF4F670B4
:10C65000F9F7E2FE4FF0A043184603B000BD00BF5B
:10C660007847030000B585B00190084611461A4688
:10C6700003468DF803300B468DF8023013468DF8D3
:10C68000013001AB1846FFF7D5FF03909DF803205A
:10C690009DF802305B001A439DF801309B001A435D
:10C6A0009DF818301B0242EA03019DF81C301B0460
:10C6B000019A1943039B02F5E07243F8221000BF70
:10C6C00005B000BD00B585B003900B468DF80B306A
:10C6D0009DF80B30002201920022009200220021DE
:10C6E0000398FFF7BFFF00BF05B000BD00B585B0E0
:10C6F000019001AB1846FFF79DFF0390019A039B41
:10C7000002F5E07253F8223023F002030293019AFB
:10C71000039B02F5E072029943F8221000BF05B0B6
:10C7200000BD00B585B001900B468DF8033001AB1C
:10C730001846FFF77FFF0390019A039B02F5E07212
:10C7400053F82230019A23F44031039B02F5E07242
:10C7500043F82210019A039B02F5E07253F822106D
:10C760009DF803301B04019A1943039B02F5E07204
:10C7700043F8221000BF05B000BD00B585B00190A0
:10C7800001AB1846FFF756FF0390039800F01EF820
:10C790000246019B22FA03F303F00103184605B099
:10C7A00000BD00B585B0019001AB1846FFF742FF10
:10C7B0000390019A039B02F5E07253F822301B0CA0
:10C7C00003F00303DBB2184605B000BD82B0019050
:10C7D000019BD3F81035184602B0704786B003901D
:10C7E000029101924FF0A0430493039B059319E03B
:10C7F000059B9B0018336B4453F8083CD3F8202565
:10C80000019B1A60059B9B0018336B4453F8083C4E
:10C81000019A1268C3F82025019B04330193059BFC
:10C8200001330593039A029B1344059A9A42DFD37E
:10C8300000BF00BF06B0704700B585B0019001ABE6
:10C840001846FFF7F7FE0390019B012202FA03F35B
:10C850001A46039BC3F8202500BF05B000BD84B075
:10C860000190019B5B09029300230393029B002B21
:10C8700003D14FF0FF33039300BF019B03F01F036D
:10C880000193039A019B22FA03F303F00103DBB245
:10C89000184604B0704784B001900091009B039348
:10C8A000019BDB080293019B03F007030193012224
:10C8B000019B02FA03F30399029A0A441278134087
:10C8C000184604B0704784B001900091009B039318
:10C8D000019BDB080293019B03F007030193039A7A
:10C8E000029B13441B785AB20121019B01FA03F306
:10C8F0005BB2134359B2039A029B1344CAB21A7033
:10C9000000BF04B07047000082B001900C4A019B48
:10C910001344303393F90030002B09DB084A019BA4
:10C920001344303393F90030072B01DC012300E07E
:10C93000002303F00103DBB2184602B0704700BFCA
:10C940008C34002082B00190064A019B134430339E
:10C9500093F90030072BCCBF01230023DBB218462C
:10C9600002B070478C34002082B00190064A019BCF
:10C970001344303393F90030DB43DBB2DB09DBB225
:10C98000184602B0704700BF8C34002084B003907A
:10C99000029101928DF80330029B59B20E4A039B1B
:10C9A000134430330A461A700B49029B019A41F82E
:10C9B00023209DF8033083F00103DBB2002B08D065
:10C9C000029B083B039A51B2034A13440A4683F878
:10C9D000502000BF04B070478C34002082B001901A
:10C9E000044A019B13443033FF221A7000BF02B087
:10C9F000704700BF8C34002000B583B0019003491C
:10CA00000198FFF760FF00BF03B000BDE0340020D5
:10CA100082B00190044A019B1344303393F90030F3
:10CA2000184602B0704700BF8C34002082B00190DD
:10CA3000034A019B52F82330184602B0704700BFEA
:10CA40008C34002084B00190074A019B134450337A
:10CA500093F900308DF80F309DF80F3023F0C003AC
:10CA6000184604B0704700BF8C34002084B0019099
:10CA7000074A019B1344503393F900308DF80F306F
:10CA80009DF80F309B09DBB2184604B0704700BF19
:10CA90008C34002000B589B00390029113468DF8C4
:10CAA0000730FF238DF81F309DF80730002B02D090
:10CAB0000023059301E0082305939DF80730002B20
:10CAC00002D00823049301E00C230493059B0693F2
:10CAD00014E00F4A069B52F82330B3F1FF3F0AD10E
:10CAE0009DF80730029A06990398FFF74FFF069BBF
:10CAF0008DF81F3006E0069B01330693069A049BCF
:10CB00009A42E6D39DF91F30184609B000BD00BF18
:10CB10008C34002082B003468DF807309DF8073032
:10CB2000094A4FF0FF3142F823109DF80730072BD8
:10CB300007D99DF80730083B034A1344FF2283F8C6
:10CB4000502000BF02B070478C34002000B583B085
:10CB50002D4B93F85830002B03D008230093009BF3
:10CB60004EE000238DF8073011E09DF8073018469D
:10CB7000FFF775FE0346002B04D09DF807301846DA
:10CB8000FFF72CFF9DF8073001338DF807309DF833
:10CB900007301F2BE9D900238DF8073009E09DF8F5
:10CBA00007301846FFF7B6FF9DF8073001338DF8C0
:10CBB00007309DF807300B2BF1D9042200211348D0
:10CBC00007F04EF81248FFF739FC034606211846D5
:10CBD000FFF73CFC0E48FFF731FC03461846FFF711
:10CBE0005FFC4FF4BE70FFF77CFC4FF00040FFF796
:10CBF0009FFC054B012283F8582000230093009BE3
:10CC0000184603B000BD00BF8C340020E034002083
:10CC100000600040044B93F85830002B14BF0123F0
:10CC20000023DBB2184670478C34002000B587B073
:10CC30000390029101920398FFF711FE0346002B27
:10CC400004D136494FF40C70F9F7E6FB0023059345
:10CC50000398FFF789FE0346002B02D008230593B3
:10CC600058E0029B9B78C3F34003DBB21A4601995C
:10CC70000398FFF70FFF03468DF813309DF913302B
:10CC8000B3F1FF3F44D0029B9B78C3F38003DBB238
:10CC900083F00103DBB2002B13D0029B9B7803F0DF
:10CCA0000103DBB2002B03D00398FFF71FFD05E063
:10CCB000029B5B7819460398FFF704FD0398FFF782
:10CCC0009BFE029B9B7803F00203DBB2002B08D093
:10CCD0009DF91300029B1B781A460399FFF756FC37
:10CCE00018E09DF91330083B0D4A134493F9501096
:10CCF000029B1B785BB29B015AB29DF91330083B33
:10CD00000A4351B2064A13440A4683F8502001E010
:10CD100004230593059B184607B000BDB0470300E8
:10CD20008C34002000B589B001900B468DF803309B
:10CD30000198FFF794FD0346002B04D13C494FF4C2
:10CD40001870F9F769FB0198FFF70EFE0346002BF8
:10CD500004D1374940F26120F9F75EFB0198FFF7F3
:10CD6000F1FD0346002B2ED00198FFF751FE03463C
:10CD7000083B1846FFF77AFE03468DF80F309DF802
:10CD80000F30032B0DD10198FFF7F7FC0346002B62
:10CD900003D003238DF81F300EE002238DF81F30DF
:10CDA0000AE09DF80F30012B03D102238DF81F30CC
:10CDB00002E003238DF81F309DF81F3019460198BB
:10CDC000FFF7AFFC30E00198FFF79EFD0346002B14
:10CDD0002AD00198FFF71CFE03460693069B9BB2E0
:10CDE00040339BB29B00ADF81630069B1846FFF708
:10CDF000B7FBBDF816301846FFF773FB9DF80330FC
:10CE0000002B11D00198FFF703FE03461846FFF7E9
:10CE10000DFE0490049B002B06D00122069B02FA13
:10CE200003F31846FFF784FB00BF09B000BD00BF45
:10CE3000B047030000B583B001900198FFF70FFDE4
:10CE40000346002B04D1084940F2B220F9F7E4FA76
:10CE50000198FFF792FC0346002B14BF0123002327
:10CE6000DBB2184603B000BDB047030000B585B083
:10CE70000190019A01210020FFF7B0FC00230393E9
:10CE80000BE0039B9B00019A13441B68002B01D00D
:10CE9000012306E0039B01330393039B002BF0D097
:10CEA0000023184605B000BD00B589B001900023ED
:10CEB00007935DE0354A079B1344503393F90030E4
:10CEC000B3F1FF3F50D00798FFF7BCFD05900199E3
:10CED0000598FFF7E0FC0346002B46D00798FFF7C4
:10CEE000C5FD03468DF813300598FFF75AFC03463D
:10CEF0008DF812309DF81230022B03D103238DF8E8
:10CF00001B3002E002238DF81B309DF81B301946C0
:10CF10000598FFF706FC0598FFF78EFC0598FFF7CC
:10CF200077FD03461846FFF781FD0390039B002B16
:10CF30001BD09DF81330032B0FD09DF81230022B1D
:10CF400003D19DF81330012B07D09DF81230032B2D
:10CF50000BD19DF81330022B07D19DF81320039BB2
:10CF600011460598984700E000BF079B01330793DF
:10CF7000079B032B9ED90198FFF778FF0346002BF0
:10CF800095D100BF00BF09B000BD00BF8C340020A8
:10CF900000B589B000230693002300934FF48073FB
:10CFA000ADF81230012307930023059321E0BDF86B
:10CFB00012301846FFF781FA0346002B0ED007986F
:10CFC000FFF7C2FA0346002B08D0BDF8123018460E
:10CFD000FFF787FA069A079B13430693079B5B00AC
:10CFE0000793BDF812300433ADF81230059B0133BE
:10CFF0000593059B072BDAD94FF4BE70FFF75DFA56
:10D000000346002B0DD04FF4BE70FFF76AFA069B63
:10D0100043F0004306936B461A4601210020FFF7B8
:10D02000DDFB069BDBB2002B29D0012307930023F5
:10D03000059321E0079A069B1340002B16D0059814
:10D04000FFF7D6FA03900598FFF7E2FA03468DF84A
:10D050000B300598FFF7EAFC0190019B002B05D0EF
:10D060009DF80B20019B114603989847079B5B0096
:10D070000793059B01330593059B072BDAD9069B84
:10D08000002B03DA6B461846FFF70EFF00BF09B00E
:10D0900000BD000008B5064B1B68002B03D10549F5
:10D0A0005120F9F7B9F9024B1B68984708BD00BF3A
:10D0B000E83400202848030082B00190019B044A14
:10D0C000934201D1034B00E00023184602B07047A1
:10D0D00000200040E834002000B587B001900091A6
:10D0E000019B002B03D11B497720F9F795F9019893
:10D0F000FFF7E2FF0590059B002B25D000238DF85C
:10D10000133000238DF80B300DF10B03184602F09D
:10D11000B5FF059B1B79002B03D001238DF813303D
:10D1200005E0059B009A1A60059B01221A719DF883
:10D130000B30184602F0B6FF9DF81330002B03D0D9
:10D1400011230393039B02E000230393039B1846E0
:10D1500007B000BD2848030082B003468DF80730B1
:10D160009DF90730002B0CDB9DF8073003F01F0200
:10D1700005499DF907305B09012000FA02F241F8E8
:10D18000232000BF02B0704700E100E082B00346F8
:10D1900000918DF807309DF90730002B0ADB009BCA
:10D1A000DAB20C499DF907305201D2B20B4483F830
:10D1B00000230BE0009BDAB207499DF8073003F02B
:10D1C0000F03043B5201D2B20B441A7600BF02B0E7
:10D1D000704700BF00E100E000ED00E082B0019088
:10D1E000019B1B0B5BB2184602B0704700B583B0C1
:10D1F00003460A468DF8073013468DF806309DF831
:10D200000630012B03D99DF80630032B0BD99DF86E
:10D210000630042B03D99DF80630072B03D90749A4
:10D220006B20F9F7F9F89DF806209DF907301146B3
:10D230001846FFF7ABFF00BF03B000BD9C480300DA
:10D2400000B583B003468DF807309DF907301846C6
:10D25000FFF782FF00BF03B000BD84B001900B4612
:10D26000ADF80230BDF80230019A134400221A6072
:10D27000BDF80230019A13441B680393039B00BF5F
:10D2800004B0704782B001900B46ADF80230BDF893
:10D290000230019A13441B68002B14BF01230023A2
:10D2A000DBB2184602B0704782B001900091019B3A
:10D2B000009AC3F8042300BF02B0704782B0019007
:10D2C0000091019BD3F80423009B1340002B14BF53
:10D2D00001230023DBB2184602B0704782B00190F0
:10D2E0000091019B009AC3F8082300BF02B0704769
:10D2F00084B00190019BD3F880340393019B039A7F
:10D30000C3F88024039B184604B0704782B0019094
:10D31000019B0422C3F8002500BF02B0704784B00F
:10D32000039002910192039B019AC3F81425039B79
:10D33000029AC3F80C2500BF04B0704784B0039074
:10D3400002910192039B029AC3F80825039B019A5C
:10D35000C3F8102500BF04B0704782B00190019B54
:10D36000D3F81835DBB2184602B0704782B001908E
:10D370000B468DF803309DF80320019BC3F81C2554
:10D3800000BF02B0704782B001900B468DF80330A9
:10D390009DF80330019A134401221A6000BF02B0C5
:10D3A000704782B001900B468DF8033013468DF81C
:10D3B00002309DF803209DF802301343DBB21A4679
:10D3C000019BC3F86C2500BF02B0704782B001908A
:10D3D0000091019B009AC3F8242500BF02B070475A
:10D3E00000B583B00190019B1B68184600F081F8DE
:10D3F0000346002B04D105494FF4F670F9F70CF8F9
:10D400004FF0A043184603B000BD00BFCC48030056
:10D4100000B585B00190084611461A4603468DF8BE
:10D4200003300B468DF8023013468DF8013001AB06
:10D430001846FFF7D5FF03909DF803209DF80230B2
:10D440005B001A439DF801309B001A439DF8183089
:10D450001B0242EA03019DF81C301B04019A194388
:10D46000039B02F5E07243F8221000BF05B000BD37
:10D4700000B585B00390002301930023009300239F
:10D48000012201210398FFF7C3FF00BF05B000BDD3
:10D4900000B585B003900B468DF80B309DF80B302E
:10D4A0000022019200220092002200210398FFF73F
:10D4B000AFFF00BF05B000BD00B585B0019001AB66
:10D4C0001846FFF78DFF0390019B012202FA03F338
:10D4D0001946039800F003F800BF05B000BD82B004
:10D4E00001900091019B009AC3F8082500BF02B08B
:10D4F000704784B00190019B5B0902930023039362
:10D50000029B002B03D14FF0FF33039300BF019B1D
:10D5100003F01F030193039A019B22FA03F303F024
:10D520000103DBB2184604B0704700B583B0019028
:10D530000091009B1B68B3F1FF3F09D0009B1B6863
:10D540001846FFF7B9FF009B1B681846FFF790FFCE
:10D55000009B5B68B3F1FF3F05D0009B5B68002137
:10D560001846FFF795FF019B1A68009B9B691946B7
:10D570001046FFF72BFF019B1868009B597D009B0D
:10D580001B7D1A46FFF70DFF019B1868009B196869
:10D59000009B5B681A46FFF7C2FE009B1B7D012BB8
:10D5A00022D1009B9B68B3F1FF3F05D0009B9B6895
:10D5B00000211846FFF76CFF009BDB68B3F1FF3FCB
:10D5C00009D0009BDB681846FFF776FF009BDB68FD
:10D5D0001846FFF74DFF019B1868009BD968009B18
:10D5E0009B681A46FFF7AAFE00BF03B000BD00000B
:10D5F00000B583B001900B468DF80330019B1B688A
:10D600004FF48E711846FFF728FE019B1B684FF4FC
:10D61000A2711846FFF721FE019B1B680E491846B0
:10D62000FFF742FE019B1B681846FFF7D7FD034634
:10D630001A469DF8033019461046FFF7D7FD019BA7
:10D640001B681846FFF7CAFD03461846FFF7F8FDAA
:10D6500000BF03B000BD00BF8000020000B587B06E
:10D66000039002910192029B002B03D12C49AA2026
:10D67000F8F7D2FE039B1B791A462C2302FB03F317
:10D68000284A1344049300230593049B93F82A30FB
:10D69000002B03D008230593059B3EE0039B1A68EB
:10D6A000039B1B791946204B53F82130194610462D
:10D6B000FFF712FD0346002B03D011230593059BB2
:10D6C0002BE002990398FFF730FF049B019A5A6000
:10D6D000029B1A69049B1A60049B5B68002B05D0AF
:10D6E000029B1B7F19460398FFF782FF039B1B6871
:10D6F0001846FFF70BFE049B00229A61049B002250
:10D70000DA61049B002283F82920049B00225A61DD
:10D71000049B012283F82A20059B184607B000BD10
:10D7200004490300F03400207449030000B585B0BB
:10D73000019000914FF48E710198FFF78EFD009BD0
:10D740009A68009B1B6A13441B788DF80F30009B6E
:10D750001B6A5A1C009B1A629DF80F3019460198EB
:10D76000FFF704FE00BF05B000BD00B585B0019015
:10D770000091009B5B69039316E0009B93F82830AF
:10D78000DBB2002B01D0002314E04FF48E7101981E
:10D79000FFF778FD034683F00103DBB2002BECD1E9
:10D7A00000990198FFF7C2FF009B1B6A039A9A42F7
:10D7B000EBD80123184605B000BD000000B587B0C6
:10D7C000039002910192039B1B791A462C2302FBC2
:10D7D00003F33B4A13440493049B93F82A30012B30
:10D7E00004D038494FF48C70F8F716FE029B002BDA
:10D7F00004D1344940F21910F8F70EFE019B002BBA
:10D8000004D130494FF48D70F8F706FE039800F00C
:10D810005BF80346002B03D011230593059B4CE0D6
:10D82000049B019A5A61049B029A9A60049B00220D
:10D830001A62049B002283F8282000230593039B8F
:10D840001B684FF48E711846FFF707FD039B1B689A
:10D8500008211846FFF797FD039B1B68049918469B
:10D86000FFF764FF049B5B68002B25D1039B1B68BB
:10D8700004991846FFF779FF034683F00103DBB2F2
:10D88000002B02D00F23059313E000BF039B1B68FE
:10D890004FF48E711846FFF7F5FC034683F0010341
:10D8A000DBB2002BF2D1039B1B680C211846FFF75B
:10D8B0006AFD049B00225A61059B184607B000BD13
:10D8C000F03400200449030082B00190019B1B79D1
:10D8D0001946074A2C2301FB03F3134414331B6836
:10D8E000002B14BF01230023DBB2184602B070479F
:10D8F000F034002000B583B00190019B1B684FF409
:10D9000092711846FFF7A9FC019B1B684FF48471C4
:10D910001846FFF7A2FC019B1B6800211846FFF781
:10D9200032FD00BF03B000BD10B582B00190009180
:10D93000009B9B69002B08D14FF484710198FFF77D
:10D940008CFC0198FFF709FD13E04FF484710198F6
:10D95000FFF783FC009BDA68009B5B6AD418019890
:10D96000FFF7FBFC03462370009B5B6A5A1C009B7D
:10D970005A6202B010BD000000B589B00390029158
:10D980000192039B1B791A462C2302FB03F37E4A68
:10D9900013440593039B1B7919467B4A2C2301FBF7
:10D9A00003F313442A331B78012B04D077494FF437
:10D9B000B670F8F731FD029B002B04D1734940F299
:10D9C0006D10F8F729FD019B002B04D16F494FF42E
:10D9D000B770F8F721FD00238DF81C30059B5B68BC
:10D9E000002B06D0039B1B684FF401711846FFF70C
:10D9F00075FC059B9B69002B15D0059BDB69002BF3
:10DA00000ED0059B5B68002B06D0039B1B684FF470
:10DA100001711846FFF748FC11230693069BB0E0FE
:10DA200001238DF81C309DF81C3083F00103DBB21C
:10DA3000002B0CD0059B019A9A61059B029ADA6033
:10DA4000059B00225A62059B0022DA6105E0059BD6
:10DA5000029A1A61059B019ADA61059B93F82930B5
:10DA600083F00103DBB2002B09D09DF81C3083F05A
:10DA70000103DBB2002B02D00398FFF73BFF059BAD
:10DA80005B68002B73D1039B1B684FF4A27118468F
:10DA9000FFF7E3FB039B1B684FF492711846FFF7F7
:10DAA000F1FB03468DF81F30039B1B684FF4847114
:10DAB0001846FFF7E7FB03468DF81E30039B1B68F3
:10DAC0004FF4A2711846FFF7DDFB03468DF81D30B9
:10DAD0009DF81E3083F00103DBB2002B0DD09DF8C2
:10DAE0001D3083F00103DBB2002B06D09DF81F3000
:10DAF00083F00103DBB2002BCCD19DF81F30002B4B
:10DB00000FD19DF81D30002B0BD1039B1B6805998D
:10DB10001846FFF709FF059B9A69059B5B6A9A42C5
:10DB2000B8D8059B00229A619DF81F30002B03D0C6
:10DB300003230693069B24E09DF81D30002B03D0A1
:10DB40000F230693069B1CE0059B93F82930002BBE
:10DB500006D0039B1B6800211846FFF714FC0DE05C
:10DB6000039B1B6804211846FFF70DFC06E0039B8E
:10DB70001B684FF401711846FFF796FB00230693CC
:10DB8000069B184609B000BDF0340020044903008C
:10DB900000B589B003900291019201238DF81030F5
:10DBA000029B0693019B0593039B5B68039A116894
:10DBB00004AA1046984700BF09B000BD00B587B061
:10DBC0000190009100238DF80830009B0493019B85
:10DBD0009B680393019B00225A61019B5B68019A39
:10DBE000116802AA1046984700BF07B000BD00B5F3
:10DBF0008BB0019000914FF400710198FFF75EFB2C
:10DC00000346002B39D04FF492710198FFF73AFB8D
:10DC10000346002B31D04FF492710198FFF71DFBA2
:10DC20004FF401710198FFF759FB009B93F82930DD
:10DC300083F00103DBB2002B03D004210198FFF72E
:10DC4000A2FB02238DF80C300198FFF751FB03462D
:10DC50000693009B9B690593009BDB680493009BE4
:10DC600000229A61009B0022DA61009B5B68009AA7
:10DC7000116803AA1046984752E004210198FFF763
:10DC80001DFB0346002B4BD04FF484710198FFF726
:10DC9000F9FA0346002B43D000990198FFF744FEA0
:10DCA000009B9A69009B5B6A9A4239D1009BDB69B1
:10DCB000002B19D0009BDB680993009B5B6A0893DB
:10DCC000009BDA69009B9A61009B1A69009BDA60ED
:10DCD000009B0022DA61009B00225A62099A08998F
:10DCE0000098FFF755FF1BE0009B93F8293083F065
:10DCF0000103DBB2002B03D004210198FFF743FBA3
:10DD00004FF401710198FFF7E9FA009B00229A6134
:10DD1000009B596A009BDB681A460098FFF738FFA2
:10DD20004FF48E710198FFF7ADFA0346002B24D013
:10DD3000009B5B690793009B1B6A079A9A420DD967
:10DD4000009B93F82830DBB283F00103DBB2002B99
:10DD500004D000990198FFF7E9FC0EE04FF48E71B2
:10DD60000198FFF77AFA009B5B69002B05D0009BB6
:10DD70005B6919460098FFF721FF4FF4A2710198E3
:10DD8000FFF780FA0346002B1CD04FF4A2710198D4
:10DD9000FFF763FA009B93F82930002B03D0002192
:10DDA0000198FFF7F0FA009B9B69002B0AD0009BBB
:10DDB00000229A61009B596A009BDB681A46009812
:10DDC000FFF7E6FE00BF0BB000BD000008B5034939
:10DDD0000348FFF70CFF00BF08BD00BFF034002070
:10DDE0000020004082B003468DF807309DF90730CF
:10DDF000002B0CDB9DF8073003F01F0205499DF94D
:10DE000007305B09012000FA02F241F8232000BF2D
:10DE100002B0704700E100E082B0034600918DF847
:10DE200007309DF90730002B0ADB009BDAB20C4962
:10DE30009DF907305201D2B20B4483F800230BE066
:10DE4000009BDAB207499DF8073003F00F03043B4B
:10DE50005201D2B20B441A7600BF02B0704700BF25
:10DE600000E100E000ED00E082B00190019B03F0D2
:10DE70006043B3F1005F0CBF01230023DBB21846FF
:10DE800002B0704782B00190019B1B0B5BB2184639
:10DE900002B0704700B583B003460A468DF80730DC
:10DEA00013468DF806309DF80630012B03D99DF8F6
:10DEB0000630032B0BD99DF80630042B03D99DF8AF
:10DEC0000630072B03D907496B20F8F7A5FA9DF810
:10DED00006209DF9073011461846FFF79DFF00BF49
:10DEE00003B000BD7849030000B583B003468DF848
:10DEF00007309DF907301846FFF774FF00BF03B0E5
:10DF000000BD84B001900B46ADF80230BDF8023080
:10DF1000019A134400221A60BDF80230019A13449A
:10DF20001B680393039B00BF04B0704782B001904D
:10DF30000B46ADF80230BDF80230019A13441B685D
:10DF4000002B14BF01230023DBB2184602B0704738
:10DF500082B001900091019BD3F80022009B1A43EC
:10DF6000019BC3F8002200BF02B0704782B001904D
:10DF70000091019BD3F80022009BDB431A40019BD8
:10DF8000C3F8002200BF02B0704782B00190009138
:10DF9000019B009AC3F8042300BF02B0704782B00F
:10DFA00001900091019B009AC3F8082300BF02B0C2
:10DFB000704784B00190019BD3F880340393019B98
:10DFC000039AC3F88024039B184604B0704782B0BC
:10DFD0000190019B0822C3F8002500BF02B07047E2
:10DFE00084B0039002910192039B029AC3F80C251E
:10DFF000039B019AC3F8142500BF04B0704784B096
:10E00000039002910192039B029AC3F80825039B97
:10E01000019AC3F8102500BF04B0704782B0019088
:10E020000B468DF803309DF80330019A134401220A
:10E030001A6000BF02B0704782B001900B468DF8A5
:10E04000033013468DF802309DF803209DF802300E
:10E050001343DBB21A46019BC3F86C2500BF02B024
:10E06000704782B001900091019B009AC3F824256B
:10E0700000BF02B0704784B0039002910192029AEF
:10E08000039BC3F84425039B019AC3F8482500BFAE
:10E0900004B0704782B00190019BD3F84C3518460C
:10E0A00002B0704784B0039002910192029A039BE0
:10E0B000C3F83425039B019AC3F8382500BF04B088
:10E0C000704782B00190019BD3F83C35184602B0EE
:10E0D0007047000000B583B00190019B1B68184693
:10E0E00000F081F80346002B04D105494FF4F67087
:10E0F000F8F792F94FF0A043184603B000BD00BFF7
:10E10000A849030000B585B00190084611461A469B
:10E1100003468DF803300B468DF8023013468DF818
:10E12000013001AB1846FFF7D5FF03909DF803209F
:10E130009DF802305B001A439DF801309B001A43A2
:10E140009DF818301B0242EA03019DF81C301B04A5
:10E15000019A1943039B02F5E07243F8221000BFB5
:10E1600005B000BD00B585B00390002301930023E6
:10E1700000930023012201210398FFF7C3FF00BF92
:10E1800005B000BD00B585B003900B468DF80B308F
:10E190009DF80B3000220192002200920022002103
:10E1A0000398FFF7AFFF00BF05B000BD00B585B015
:10E1B000019001AB1846FFF78DFF0390019B0122F0
:10E1C00002FA03F31946039800F003F800BF05B004
:10E1D00000BD82B001900091019B009AC3F8082510
:10E1E00000BF02B0704784B00190019B5B090293AD
:10E1F00000230393029B002B03D14FF0FF330393C3
:10E2000000BF019B03F01F030193039A019B22FAB5
:10E2100003F303F00103DBB2184604B0704700B506
:10E2200083B001900091009B1B68B3F1FF3F09D0C0
:10E23000009B1B681846FFF7B9FF009B1B68184638
:10E24000FFF790FF009B5B68B3F1FF3F05D0009B99
:10E250005B6800211846FFF795FF019B1A68009B39
:10E260009B6919461046FFF7FCFE019B1868009B4E
:10E27000597D009B1B7D1A46FFF7DEFE019B186847
:10E28000009B1968009B5B681A46FFF7A9FE009B7C
:10E290001B7D012B22D1009B9B68B3F1FF3F05D072
:10E2A000009B9B6800211846FFF76CFF009BDB6812
:10E2B000B3F1FF3F09D0009BDB681846FFF776FFFC
:10E2C000009BDB681846FFF74DFF019B1868009B19
:10E2D000D968009B9B681A46FFF791FE00BF03B008
:10E2E00000BD000000B583B001900B468DF80330EF
:10E2F000019B1B684FF488711846FFF702FE019BD3
:10E300001B684FF490711846FFF7FBFD019B1B68DB
:10E310004FF492711846FFF7F4FD019B1B684FF410
:10E32000A2711846FFF7EDFD019B1B684FF4AC711D
:10E330001846FFF7E6FD019B1B680E491846FFF7DC
:10E3400024FE019B1B681846FFF79CFD03461A46F6
:10E350009DF8033019461046FFF79CFD019B1B6892
:10E360001846FFF78FFD03461846FFF7BDFD00BFB7
:10E3700003B000BD1003420000B587B003900291C6
:10E380000192029B002B03D12B49CF20F8F744F8D0
:10E39000039B1B791A461346DB0013449B00274A54
:10E3A0001344049300230593049B93F82030002B1F
:10E3B00003D008230593059B3AE0039B1A68039B4F
:10E3C0001B7919461E4B53F8213019461046FEF7AB
:10E3D00083FE0346002B03D011230593059B27E002
:10E3E00002990398FFF71BFF049B019A5A60029B56
:10E3F0001A69049B1A60049B5B68002B05D0029B82
:10E400001B7F19460398FFF76DFF039B1B68184697
:10E41000FFF7DDFD049B00229A61049B0022DA6174
:10E42000049B00225A61049B012283F82020059B53
:10E43000184607B000BD00BFE04903001C350020AE
:10E44000544A030000B589B0039002910192039BE6
:10E450001B791A461346DB0013449B00564A1344AB
:10E460000593059B93F82030012B04D0534940F2CB
:10E470005310F7F7D1FF029B002B04D14F494FF403
:10E48000AA70F7F7C9FF019B002B04D14B4940F25A
:10E490005510F7F7C1FF039B1B79002B02D1019B9D
:10E4A000FF2B04D945494FF4AB70F7F7B5FF02983D
:10E4B000FFF7DAFC034683F00103DBB2002B03D045
:10E4C00010230793079B73E0039800F079F8034645
:10E4D000002B03D011230793079B69E0059B019A4A
:10E4E0005A61059B029A9A6000230793039B1B685D
:10E4F0004FF490711846FFF704FD039B1B684FF41F
:10E50000AC711846FFF7FDFC039B1868059B9968E2
:10E51000059B5B691A46FFF7AEFD039B1B6808214C
:10E520001846FFF77BFD059B5B68002B3FD1039BE3
:10E530001B684FF490711846FFF7F8FC03468DF8FE
:10E540001B30039B1B684FF4AC711846FFF7EEFCC1
:10E5500003468DF81A309DF81B3083F00103DBB2BF
:10E56000002B06D09DF81A3083F00103DBB2002B9C
:10E57000DDD19DF81A30002B02D00F23079313E052
:10E58000039B1B680C211846FFF748FD00BF039B47
:10E590001B684FF4AC711846FFF7C8FC034683F0C4
:10E5A0000103DBB2002BF2D1059B00225A61079BCD
:10E5B000184609B000BD00BF1C350020E04903002B
:10E5C00082B00190019B1B791946084A0B46DB007B
:10E5D0000B449B00134414331B68002B14BF01230E
:10E5E0000023DBB2184602B0704700BF1C35002084
:10E5F00000B589B0039002910192039B1B791A46E2
:10E600001346DB0013449B00854A13440593039B88
:10E610001B791946824A0B46DB000B449B001344CE
:10E6200020331B78012B04D07E494FF4D370F7F7C9
:10E63000F3FE029B002B04D17A4940F2A710F7F7B2
:10E64000EBFE019B002B04D176494FF4D470F7F711
:10E65000E3FE039B1B79002B02D1019BFF2B04D906
:10E66000704940F2A910F7F7D7FE0298FFF7FCFBBC
:10E67000034683F00103DBB2002B03D01023069383
:10E68000069BCAE000238DF81F30059B5B68002BBA
:10E6900006D0039B1B684FF404711846FFF77FFCFC
:10E6A000059B9B69002B15D0059BDB69002B0ED0C9
:10E6B000059B5B68002B06D0039B1B684FF404711D
:10E6C0001846FFF762FC11230693069BA5E0012381
:10E6D0008DF81F309DF81F3083F00103DBB2002B53
:10E6E00009D0059B019A9A61059B029ADA60059B05
:10E6F0000022DA6105E0059B029A1A61059B019AE6
:10E70000DA6100230693039B1B684FF48871184657
:10E71000FFF7F7FB039B1B684FF4A2711846FFF746
:10E72000F0FB039B1B68019A02991846FFF7BAFC9D
:10E730009DF81F3083F00103DBB2002B06D0039B52
:10E740001B6800211846FFF769FC05E0039B1B6866
:10E7500020211846FFF7FCFB039B1B791946304A22
:10E760000B46DB000B449B00134404331B68002B57
:10E770004BD1039B1B684FF488711846FFF7D6FBFB
:10E7800003468DF81330039B1B684FF4A2711846A3
:10E79000FFF7CCFB03468DF81230039B1B684FF448
:10E7A00092711846FFF7C2FB03468DF811309DF8B1
:10E7B000133083F00103DBB2002B0DD09DF8123033
:10E7C00083F00103DBB2002B06D09DF8113083F0FB
:10E7D0000103DBB2002BCCD1039B1B791946104AF5
:10E7E0000B46DB000B449B001344183300221A60D5
:10E7F0009DF81130002B01D0032306939DF81230B1
:10E80000002B09D00F23069306E0039B1B684FF4EF
:10E8100004711846FFF7B9FB069B184609B000BD06
:10E820001C350020E049030000B589B00390029137
:10E83000019201238DF81030029B0693019B0593F2
:10E84000039B5B68039A116804AA1046984700BFAF
:10E8500009B000BD00B587B00190009100238DF88C
:10E860000830009B0493019B9B680393019B00224B
:10E870005A61019B5B68019A116802AA1046984789
:10E8800000BF07B000BD00B589B0019000914FF402
:10E8900092710198FFF74AFB0346002B22D04FF4F8
:10E8A00092710198FFF72DFB02238DF80830019833
:10E8B000FFF77FFB034605930198FFF702FC034631
:10E8C0000493009BDB680393009B00229A61009BEA
:10E8D0000022DA61009B5B68009A116802AA104668
:10E8E00098473BE04FF488710198FFF71FFB034600
:10E8F000002B33D04FF488710198FFF702FB019889
:10E90000FFF7DFFB0790009B9B69079A9A4225D18E
:10E91000009BDB69002B17D0009BDB68069320214E
:10E920000198FFF723FB009BDA69009B9A61009B2B
:10E930001A69009BDA60009B0022DA61069A079947
:10E940000098FFF771FF09E0009B00229A61009B8D
:10E95000DB681A4607990098FFF766FF4FF4A2712B
:10E960000198FFF7E3FA0346002B18D04FF4A27189
:10E970000198FFF7C6FA009B9B69002B0FD0009B04
:10E9800000229A61009B0022DA610198FFF799FB4F
:10E990000146009BDB681A460098FFF745FF4FF4DD
:10E9A00090710198FFF7C2FA0346002B14D04FF480
:10E9B00090710198FFF7A5FA0C210198FFF72EFB43
:10E9C000009B5B69002B07D00198FFF763FB0346B0
:10E9D00019460098FFF73EFF4FF4AC710198FFF71E
:10E9E000A5FA0346002B10D04FF4AC710198FFF745
:10E9F00088FA009B5B69002B07D00198FFF74AFB60
:10EA0000034619460098FFF725FF00BF09B000BD77
:10EA100008B503490348FFF736FF00BF08BD00BF34
:10EA20001C3500200020004084B003468DF80730DC
:10EA30009DF807305B08DBB21A460D4B9B5C8DF8E6
:10EA40000E309DF8073003F00103002B05D09DF830
:10EA50000E301B098DF80F3005E09DF80E3003F0E5
:10EA60000F038DF80F309DF80F30184604B0704733
:10EA70005835002084B003460A468DF80730134607
:10EA80008DF806309DF8073003F00103002B03D00A
:10EA90000F238DF80F3002E0F0238DF80F309DF832
:10EAA000073003F00103002B05D09DF806301B0151
:10EAB0008DF80E3003E09DF806308DF80E309DF88D
:10EAC00007305B08DBB21A46104B9A5C9DF80730A2
:10EAD0005B08DBB219469DF80F301340DAB20B4BDE
:10EAE0005A549DF807305B08DBB21A46074B9A5C14
:10EAF0009DF807305B08DBB219469DF80E301343D2
:10EB0000DAB2024B5A5400BF04B0704758350020A7
:10EB100000B585B003468DF807300023039310E05D
:10EB20000F4B1A68039BDB0013440293029B1B7874
:10EB30009DF807209A4201D1029B0DE0039B01330F
:10EB40000393084B1B781A46039B9342E8DB064964
:10EB50008820F7F761FC0023184605B000BD00BF10
:10EB60004035002044350020644A030000B585B0DC
:10EB700003460A468DF8073013468DF806309DF897
:10EB800007301846FFF7C4FF0390039B002B0BD000
:10EB9000039B5B68002B07D0039B5B689DF8061006
:10EBA0009DF807201046984700BF05B000BD000043
:10EBB0002DE9F04F87B003460A468DF80F30134613
:10EBC0008DF80E309DF80F301846FFF72DFF0346E5
:10EBD000042B7CD0042B00F3C480032B6CD0032BBC
:10EBE00000F3BF80022B4FD0022B00F3BA80002B22
:10EBF00002D0012B3AD0B4E09DF80E30002B00F08B
:10EC0000AD809DF80F3001211846FFF733FF002338
:10EC10008DF817300DF11703184601F02FFA9DF803
:10EC20000F104FF001024FF00003A1F12004C1F1D9
:10EC3000200003FA01F702FA04F4274322FA00F055
:10EC4000074302FA01F6494BD3E9002346EA0201E1
:10EC500000913B430193454BDDE90012C3E90012EB
:10EC60009DF81730184601F01DFA77E09DF80E3038
:10EC7000002B01D0022200E000229DF80F30114647
:10EC80001846FFF7F7FE6CE09DF80E30002B0CD015
:10EC90009DF80F3003211846FFF7ECFE9DF80F306A
:10ECA00001211846FFF762FF5BE09DF80F3001215C
:10ECB0001846FFF7DFFE54E09DF80E30002B4FD1D1
:10ECC0009DF80F3004211846FFF7D4FE48E09DF868
:10ECD0000E30002B06D09DF80F3003211846FFF7A9
:10ECE000C9FE3EE09DF80F3000211846FFF7C2FE36
:10ECF0009DF80F3000211846FFF738FF00238DF8EC
:10ED000016300DF11603184601F0B8F99DF80F10F2
:10ED10004FF001024FF00003A1F12006C1F12000E5
:10ED200003FA01F502FA06F6354322FA00F005432C
:10ED300002FA01F46FEA04086FEA05090B4BD3E904
:10ED4000002308EA020A09EA030B084BC3E900ABF7
:10ED50009DF81630184601F0A5F902E000BF00E06A
:10ED600000BF00BF07B0BDE8F08F00BF50350020E6
:10ED700000B583B00548064B1B685B0800221946A6
:10ED800000F042FE019000BF03B000BD702B0020D8
:10ED90004835002000B587B001900023059328E096
:10EDA0001C4B1A68059BDB0013440493049B1B78DF
:10EDB0001846FEF73FF803468DF80F30049B5B784A
:10EDC000012B0CBF01230023DBB21A469DF80F3044
:10EDD0009A420CBF012300238DF80E30049B1B7850
:10EDE0009DF80E2011461846FFF7E2FE059B013301
:10EDF0000593094B1B781A46059B9342D0DB074BC2
:10EE0000D3E90023134301D0FFF7B2FF00BF07B0DF
:10EE100000BD00BF403500204435002050350020A3
:10EE200000B585B001900B468DF80330019BDBB235
:10EE30001846FFF76DFE0390039B1B781846FDF7FD
:10EE4000F9FF03468DF80B30039B5B78012B0CBF59
:10EE500001230023DBB21A469DF80B309A420CBF07
:10EE6000012300238DF80A309DF80A30002B06D0CC
:10EE7000044BD3E90023134301D1FFF779FF00BF0F
:10EE800005B000BD5035002000B58BB003900B4697
:10EE900001928DF80B30019B092B01D8072367E005
:10EEA000FDF7B8FE034683F00103DBB2002B09D067
:10EEB000FDF74CFE0990099B0893089B002B01D09D
:10EEC000089B55E02C4A039B13602C4A9DF80B309D
:10EED00013702B4A019B136010220021294804F073
:10EEE000BFFE29494FF000024FF00003C1E90023A3
:10EEF00031E09DF80B30DB00039A134407930323A2
:10EF00008DF8143000238DF815309DF8163023F05D
:10EF100001038DF816309DF8163023F002038DF8AA
:10EF200016309DF8163023F004038DF81630079B39
:10EF30009B788DF81530079B1B78184605AB134A54
:10EF40001946FDF773FE0990099B0693069B002B5B
:10EF500001D0069B0CE09DF80B305A1E8DF80B205B
:10EF6000002BC6D10A4A00210A4800F013FD0346CF
:10EF700018460BB000BD00BF4035002044350020CE
:10EF800048350020583500205035002021EE020081
:10EF900095ED0200D84A030000B583B0114B1B6801
:10EFA000002B04D1104940F23510F7F735FA002351
:10EFB00001930CE00B4B1A68019BDB0013441B7898
:10EFC00001211846FDF7AEFE019B01330193074B6B
:10EFD0001B781A46019B9342ECD30023184603B0DA
:10EFE00000BD00BF40350020644A030044350020C6
:10EFF00086B003900291019201238DF817309DF89D
:10F000001730204A039B13601E4A029B53601D4A1F
:10F01000019B9360039B44F20102934212D0039B35
:10F0200044F20202934220D1019B164AD360154B51
:10F03000DB681B68134A9361124BDB685B68114AFB
:10F04000D36112E0019B0F4A13610E4B1B699B6851
:10F050000C4A53610B4B1B691B680A4A9361094BAD
:10F060001B695B68074AD36100BF72B600BF00BF6F
:10F070009DF81730DBB2002BFAD162B600BF00BF9B
:10F0800006B070476835002000B583B0029000914B
:10F09000019244F2010071466A4600F003F803B0A1
:10F0A00000BD00BF30B58BB007900691059272B6D7
:10F0B00000BF03F015FD03F0CFFA0346002BFAD191
:10F0C000079B44F2020293422FD0079B44F20202B4
:10F0D000934269D8079B44F20102934237D0079BC1
:10F0E00044F2010293425FD8079B012B05D0079B96
:10F0F00041F2010293420CD056E0394A394BD31AFF
:10F10000DB081B0443F001033749184603F038FAC3
:10F1100057E0334A334BD31ADB081B0443F0010397
:10F120003249184603F02CFA4BE0059B09932C4A10
:10F130002C4BD31ADB081B0443F00100099B5B68CE
:10F140001A46099B1B682A4903F037FA39E0059BE8
:10F150000893234A234BD31ADB081B0443F0010412
:10F16000089B9D68089B9B68184602F067FD034654
:10F170001846089B5B681946089B1B68069A029212
:10F180000193009103462A461A49204603F03DFAAE
:10F19000134A144BD31ADB081B0443F0010316492E
:10F1A000184603F0EDF90CE00D4A0E4BD31ADB08BC
:10F1B0001B0443F00103069A1049184603F0EDF9C9
:10F1C00000BF0F4B1B6803F00103002B00D000BEF3
:10F1D000059A06990798FFF70BFF00BF0BB030BDEB
:10F1E0002C3E0300043E0300DC4A0300FC4A0300FB
:10F1F000204B03003C4B0300644B0300784B03009F
:10F20000F0ED00E084B00190019B9B680393019BAB
:10F21000DA68039BD31A184604B0704782B0019095
:10F220000B468DF80330019B1A68019BDB6801993E
:10F2300089880B4013449DF803201A70019BDB68FA
:10F240005A1C019BDA6000BF02B0704784B0039083
:10F250000B460192ADF80A30039B1A68039B99682C
:10F26000BDF80A300B44039989880B4013441A787F
:10F27000019B1A7000BF04B0704700B583B00190C5
:10F280000091009A00210198FFF7E0FF019B9B6825
:10F290005A1C019B9A6000BF03B000BD84B003906C
:10F2A00002911346ADF80630029B002B01D10E23CC
:10F2B0001DE0BDF80630002B07D0BDF806305A1E01
:10F2C000BDF806301340002B01D009230FE0039B4B
:10F2D000029A1A60BDF80630013B9AB2039B9A80ED
:10F2E000039B00229A60039B0022DA6000231846E9
:10F2F00004B0704700B583B001900B468DF8033021
:10F300000198FFF77FFF0246019B9B889A4207D82E
:10F310009DF8033019460198FFF780FF002300E0B5
:10F320000423184603B000BD00B583B001900091DE
:10F330000198FFF767FF0346002B05D0009901985D
:10F34000FFF79BFF002300E00523184603B000BD34
:10F350002DE9F04383B0144801F088FA03460022F7
:10F360001C461546114BD3E9002314EB020845EB6C
:10F370000309CDE900890E4BD3E90023DDE9000143
:10F38000904271EB030307D2DDE9002312F180768E
:10F3900043F10007CDE90067DDE900231046194677
:10F3A00003B0BDE8F08300BF902B00209035002013
:10F3B0009835002088B001900091019B0793009B35
:10F3C0000693079BD3E90223CDE90423069BD3E9E7
:10F3D0000223CDE90223DDE90423DDE902019042A5
:10F3E00071EB03032CBF01230023DBB2184608B0E6
:10F3F00070470000F0B585B00190019B5B69002B60
:10F4000003D14349A520F7F707F800238DF80F3003
:10F41000404B1B78002B75D0019B002B72D0FFF75F
:10F4200097FF019BD3E90223904271EB030358D36A
:10F4300000238DF80D300DF10D03184600F01EFE6F
:10F44000019B1B69002B06D101994FF0FF324FF051
:10F45000FF33C1E902239DF80D30184600F022FE6B
:10F46000019B5B69019A92691046984700238DF8C9
:10F470000C3003AB184600F001FE019B1B69002B0A
:10F480001AD0019BD3E90223B3F1FF3F08BFB2F1C9
:10F49000FF3F11D0019BD3E90223019909690020A4
:10F4A0000C460546161943EB0507019BC3E90267A5
:10F4B00001238DF80E3002E000238DF80E309DF808
:10F4C0000C30184600F0EEFD9DF80E30002B19D0E0
:10F4D000019B1946104802F013FB01238DF80F30F1
:10F4E00010E0019BD3E90223B3F1FF3F08BFB2F163
:10F4F000FF3F07D0019B1946074802F001FB01239B
:10F500008DF80F309DF80F30184605B0F0BD00BFE4
:10F510009C4B03008C350020144C030030B58BB09D
:10F52000019000910D230993009B00221A70019B0A
:10F53000D3E90223CDE90623FFF70AFFDDE906231D
:10F54000141A63EB0105CDE90245DDE90223012A26
:10F5500073F1000319DB029BB3F5350F06D300F0FE
:10F56000FBFA0246154B1344059301E0069B0593F5
:10F570004FF49603059A0021114801F071F80990A3
:10F58000099B002B05D1012314E000210C4801F058
:10F590003BF9099B0D2B07D10198FFF72BFF034681
:10F5A0001A46009B1A7004E006494FF48670F6F77D
:10F5B00033FF002318460BB030BD00BFFFFFB4007F
:10F5C000902B00209C4B030000B583B0034802F051
:10F5D000CFFA0190019B184603B000BD144C030004
:10F5E00000B583B0034802F0E3FA0190019B18468E
:10F5F00003B000BD144C030000B583B0FFF7E4FF77
:10F600000190019B002B06D001994FF0FF324FF083
:10F61000FF33C1E90223019B002BEFD100BF00BFE4
:10F6200003B000BD054BD3E9002312F1807043F114
:10F630000001024BC3E9000100BF70479035002074
:10F6400010B582B00190124B1B68002B1DD00198A1
:10F6500001F00CF904460021019801F0F9F8034685
:10F660001946204600F06CFA0346B3F5960F04D312
:10F67000084940F24110F6F7CFFE054B1B681846CB
:10F68000FFF7B8FE024B00221A6000BF02B010BDA7
:10F69000883500209C4B030000B583B00190FFF734
:10F6A00057FE02460B460349C1E9002300BF03B0E1
:10F6B00000BD00BF9835002000B587B00190FFF76E
:10F6C0008FFF049000238DF81730049B002B58D037
:10F6D000049BD3E90223B3F1FF3F08BFB2F1FF3F20
:10F6E00002D1FFF771FF54E02D4B1B68002B03D1B3
:10F6F00001238DF817301DE0049BD3E90201284B4C
:10F700001B68D3E90223904271EB030312D2012359
:10F710008DF81730224B1B68D3E90223B3F1FF3F6A
:10F7200008BFB2F1FF3F05D01D4B1B6819461D48AD
:10F7300002F0E6F99DF81730002B2BD0FFF744FFBD
:10F7400004900DF10F0319460498FFF7E7FE0346F6
:10F75000002B12D0124B1B68002B02D1019800F035
:10F7600091FE0F4A049B13609DF80F3083F0010354
:10F77000DBB2002BA3D000BF0FE0094B00221A60C0
:10F780009DE7074B1B68002B06D1019800F090FE07
:10F7900002E094E700BF00E000BF00BF07B000BD7B
:10F7A00088350020144C030000B587B001902A4A28
:10F7B00003AB1946104601F052F9049045E0049B52
:10F7C0001B78022B2BD0022B2FDC002B02D0012B1D
:10F7D00011D02AE0049B5B68D3E90223B3F1FF3F19
:10F7E00008BFB2F1FF3F22D0049B5B6819461B485B
:10F7F00002F086F91BE0049B5A68194B1B689A4279
:10F8000003D1174B00221A6012E0049B5B68194673
:10F81000124802F0DFF903468DF8173008E0FFF7D1
:10F82000EBFE104B01221A7002E000BF00E000BFA7
:10F83000094A03AB1946104601F029F9064A03AB01
:10F840001946104601F00BF90490049B002BB6D129
:10F8500000BF00BF07B000BDF8350020144C030006
:10F86000883500208C35002000B583B001900198C8
:10F8700000F0BEFF0346002B01D0FFF7D3FE0021AE
:10F88000019800F0D1FF0346002B02D00198FFF74A
:10F89000D7FE0121019800F0C7FF0346002B02D0DC
:10F8A0000198FFF7F9FE0198FFF77EFF0198FFF737
:10F8B00003FF00BF03B000BD08B5024800F0E2FF3F
:10F8C00000BF08BD902B002000B585B00346009115
:10F8D0008DF80730104A02AB1946104601F094F833
:10F8E0000390039B002B13D0039B9DF807201A70F5
:10F8F000039B009A5A60084A02AB1946104601F071
:10F900009BF80346002B01D0FFF7D6FF002300E051
:10F910000423184605B000BDF835002000B583B0BB
:10F92000154B1B680093154808235822144901F011
:10F9300038F80190019B002B01D0019B19E06B4628
:10F94000104A1946104800F021FD0190019B002B40
:10F9500001D0019B0DE001210B4800F039FF01238C
:10F960000A4A0121084800F0B9FD094B01221A702A
:10F97000019B184603B000BD104C0300F835002071
:10F98000A035002069F80200902B0020FFFF7F00C7
:10F990008C35002000B587B003900B4601928DF89E
:10F9A0000B30039B002B04D1164940F25A20F6F786
:10F9B00033FD019B002B04D1124940F25B20F6F786
:10F9C0002BFD019B002B01D1072317E0039B1B6834
:10F9D000059305994FF0FF324FF0FF33C1E9022341
:10F9E000059B019A5A619DF80B30012B0CBF012336
:10F9F0000023DBB21A46059B1A610023184607B0A4
:10FA000000BD00BF9C4B0300F0B589B0039002918C
:10FA10000192039B002B04D1264940F26B20F6F79C
:10FA2000FBFC039B069300238DF817300DF11703A1
:10FA3000184600F023FB069BD3E90223B3F1FF3FF6
:10FA400008BFB2F1FF3F11D1FFF782FC02460B461F
:10FA5000029900200C460546161943EB0507069B44
:10FA6000C3E9026701238DF81F3002E000238DF8FF
:10FA70001F309DF81730184600F014FB9DF81F301A
:10FA800083F00103DBB2002B01D000230EE0069BC4
:10FA9000019A9A61069B1B69002B02D0069B029A71
:10FAA0001A6106990020FFF70FFF0346184609B0B8
:10FAB000F0BD00BF9C4B030000B587B00190019BD7
:10FAC000002B04D11D4940F29320F6F7A5FC019BC1
:10FAD000049300238DF80F300DF10F03184600F04A
:10FAE000CDFA049BD3E90223B3F1FF3F08BFB2F183
:10FAF000FF3F03D100238DF8173009E004994FF040
:10FB0000FF324FF0FF33C1E9022301238DF8173094
:10FB10009DF80F30184600F0C5FA9DF8173083F0B5
:10FB20000103DBB2002B01D0002304E00499012083
:10FB3000FFF7CAFE0346184607B000BD9C4B030002
:10FB400082B001900091019A009BD31A23F07F4369
:10FB5000184602B07047000008B5034800F086FE62
:10FB60000346184608BD00BF902B002000B587B0A3
:10FB70000390029113468DF8073000230593039BF1
:10FB80001B781A46104B9B5C002B09D0039B043357
:10FB90009DF8072002991846FEF754FC05900FE0E7
:10FBA000039B1B781A46084B9B5C002B08D1039BD8
:10FBB0000C339DF8072002991846FDF7FFFD0590CC
:10FBC000059B184607B000BD8034002000B585B005
:10FBD000019000238DF80F30019B1B781A46104BC3
:10FBE0009B5C002B08D0019B04331846FEF7E8FC11
:10FBF00003468DF80F300EE0019B1B781A46084B28
:10FC00009B5C002B07D1019B0C331846FDF75CFE73
:10FC100003468DF80F309DF80F30184605B000BD33
:10FC20008034002000B587B00390029113468DF810
:10FC3000073000230593039B1B781A46104B9B5CEF
:10FC4000002B09D0039B04339DF807200299184626
:10FC5000FEF7CEFC05900FE0039B1B781A46084B7D
:10FC60009B5C002B08D1039B0C339DF80720029965
:10FC70001846FDF781FE0590059B184607B000BDAC
:10FC80008034002084B00190019B9B680393019B0A
:10FC9000DA68039BD31A184604B0704700B587B0E2
:10FCA00001900091019B1B78022B45D0022B6ADC4E
:10FCB000002B52D0012B66D1019B1B7A002B05D162
:10FCC000012233493348FFF7ADFF5DE0019B5B68DC
:10FCD0001B7819463048FFF70DFB0590059B002B5C
:10FCE0000AD001238DF80C30059B04932B4B1B6825
:10FCF00003AA104698470DE02748FFF7C3FF0346C5
:10FD0000002B07D000238DF80C30244B1B6803AA6E
:10FD1000104698472048FFF7B5FF03461E4A9288D1
:10FD2000934205D801221A491A48FFF77BFF2BE0BE
:10FD30001B4B01221A7027E002238DF80C30019B27
:10FD4000DB680493012212491248FFF76BFF134B43
:10FD50001B6803AA1046984716E012491248FFF79D
:10FD6000E3FA0346002B05D101220E490948FFF7AB
:10FD7000FDFE09E003238DF80C30084B1B6803AA35
:10FD80001046984700E000BF00BF07B000BD00BFAD
:10FD900014360020982B0020183600200C36002046
:10FDA00015360020103600202836002030B591B0DE
:10FDB0000390029101928DF803303C4A019B13603D
:10FDC000029B002B01D107236DE0029B1968029B67
:10FDD0005B689BB21A463648FFF760FA0F900F9B9C
:10FDE0000E930E9B002B01D00E9B5CE0029B99684A
:10FDF000029BDB689BB21A462E48FFF74FFA0F9022
:10FE00000F9B0D930D9B002B01D00D9B4BE02A4BBC
:10FE100004AC1D460FCD0FC495E80F0084E80F0019
:10FE2000039B5B690A93039B1B7C002B14BF01237C
:10FE30000023DBB28DF824309DF803308DF82C3090
:10FE4000039B5B7C002B01D00E2300E000238DF888
:10FE50002530039BDB680693039B9B680793039BFA
:10FE60001B680593039B5B68049304AB134A194614
:10FE70001348FCF793F80F900F9B0C930C9B002BEF
:10FE800001D00C9B0FE00F4B00221A70039B1B68E4
:10FE9000B3F1FF3F06D001220B490948FFF7C2FE2C
:10FEA000034600E00023184611B030BD0C36002098
:10FEB0001836002028360020204C03009DFC02004C
:10FEC000982B0020153600201436002000B587B08E
:10FED0000190019B002B03D11349CA20F6F79CFA2D
:10FEE000124B1B788DF8173001991148FFF71CFA57
:10FEF00004909DF81730002B12D00C4B00221A7082
:10FF000001220C490C48FFF78DFE0390039B0293DE
:10FF1000029B002B04D0044AD6210298FFF7B4F8C4
:10FF2000049B184607B000BD404C03001536002066
:10FF30001836002014360020982B002000B585B01C
:10FF400003468DF807309DF8073019461048FFF733
:10FF5000D1F90390039B002B15D10E48FFF736FE15
:10FF6000034683F00103DBB2002B0CD00A4908489A
:10FF7000FFF7DAF90346002B05D1012206490548AF
:10FF8000FFF7F4FD0390039B184605B000BD00BFCA
:10FF900028360020982B00201036002082B0EFF386
:10FFA00010830093009B019372B600BF019B18461B
:10FFB00002B0704762B600BF00BF704700B585B0A1
:10FFC0000190FFF7EBFF0390154B9B68002B1BD1B3
:10FFD000134B01229A60134BD3F88020124B13402D
:10FFE0000F4A13600F4B104AC3F880200D4BD3F813
:10FFF00084300B4A53600B4B4FF0FF32C3F8842020
:020000023000CC
:10000000019B00221A7002E0019B01221A70039BDF
:10001000002B01D1FFF7CEFF0023184605B000BD2D
:100020003836002000E100E0FC06FFBD00B585B0D9
:1000300003468DF807300F4B9B68002B16D09DF8B8
:100040000730002B12D1FFF7A9FF03900A4A094B92
:100050001B681360084A074B5B685360054B00221E
:100060009A60039B002B01D1FFF7A4FF00231846E1
:1000700005B000BD3836002000E100E000B583B0D7
:10008000019000F027F80346012B03D004494320D8
:10009000F6F7C2F90198FFF791FF00BF03B000BD6A
:1000A000B84C030000B583B003468DF8073000F06C
:1000B00011F80346012B03D005495120F6F7ACF99E
:1000C0009DF807301846FFF7B1FF00BF03B000BD31
:1000D000B84C030084B0EFF305830193019BC3F395
:1000E00008030393039B002B0DD1EFF314830093BC
:1000F000009B0293029B03F00103C3F3000383F010
:100100000103DBB200E00123184604B07047000091
:1001100082B003468DF807309DF90730002B0CDBC9
:100120009DF8073003F01F0205499DF907305B0970
:10013000012000FA02F241F8232000BF02B070470C
:1001400000E100E082B003468DF807309DF90730EA
:10015000002B0DDB9DF8073003F01F0206499DF9C7
:1001600007305B09012000FA02F2403341F82320F6
:1001700000BF02B0704700BF00E100E082B003465C
:1001800000918DF807309DF90730002B0ADB009BAA
:10019000DAB20C499DF907305201D2B20B4483F810
:1001A00000230BE0009BDAB207499DF8073003F00B
:1001B0000F03043B5201D2B20B441A7600BF02B0C7
:1001C000704700BF00E100E000ED00E000B583B043
:1001D00003460A468DF8073013468DF806309DF821
:1001E0000630012B03D99DF80630032B0BD99DF85F
:1001F0000630042B03D99DF80630072B03D9074995
:100200006B20F6F709F99DF806209DF90730114695
:100210001846FFF7B3FF00BF03B000BD344D030025
:1002200000B583B003468DF807309DF907301846B6
:10023000FFF76EFF00BF03B000BD000000B585B042
:100240000190019B002B0AD0064B43F0010303935E
:10025000019B9B010293039B0298984700E000BF1B
:1002600005B000BD504E030084B00390029101928E
:10027000039B029A02F5A872019943F8221000BF6D
:1002800004B0704782B001900091019B009A02F582
:10029000A87253F82230184602B0704782B001901D
:1002A0000091019B009AC3F8042300BF02B070477D
:1002B00082B001900091019B009AC3F8082300BF0F
:1002C00002B0704782B001900B46ADF80230BDF825
:1002D0000230019A13441B68184602B0704784B07C
:1002E00001900B46ADF80230BDF80230019A13447C
:1002F00000221A60BDF80230019A13441B68039370
:10030000039B00BF04B0704782B00190019BD3F8FB
:100310000435184602B0704700B583B001900091D3
:10032000009BB3F5805F04D305494FF4BE70F6F728
:1003300073F8019B009AC3F8082500BF03B000BD05
:10034000644D030082B001900B468DF803309DF898
:100350000320019B13441A460123136000BF02B01F
:10036000704782B001900091019B009AC3F844232A
:1003700000BF02B0704782B001900091019B009ACB
:10038000C3F8482300BF02B07047000000B587B033
:10039000039002910192039B002B03D13249552017
:1003A000F6F73AF8029B002B03D12F495620F6F7B7
:1003B00033F8019B002B03D12B495720F6F72CF87B
:1003C000039B5B791946294A019B42F82130039B24
:1003D0005B79274ADB0013441B79002B0ED00823DE
:1003E0000593244A244BD31ADB081B0443F0020371
:1003F0002249184602F0C4F8059B32E0039B1A68B4
:10040000029B1B8819461046FFF786FF039B93F952
:100410000420029B9B7819461046FFF7D7FE039BEA
:1004200093F904301846FFF7FBFE039B5B79104AF3
:10043000DB00134401221A71039B5B7919460C4AB5
:10044000039B42F83130002305930A4A0A4BD31A22
:10045000DB081B0443F003030949184602F090F837
:10046000059B184607B000BD944D0300443600209C
:10047000483600203C3E0300043E0300044E0300C7
:10048000284E030000B583B00190019B002B03D1DF
:1004900006498720F5F7C0FF019B1B68002118461D
:1004A000FFF750FF00BF03B000BD00BF944D030035
:1004B00000B583B00190019B002B03D106498D202C
:1004C000F5F7AAFF019B1B6804211846FFF73AFFC6
:1004D00000BF03B000BD00BF944D030000B587B05E
:1004E0000390029101928DF80330039B002B03D1FE
:1004F00020499620F5F790FF4FF48032029B02FAD4
:1005000003F30593029B50339BB29B00ADF812306E
:10051000019B23F07F430193039B1B6805991846B9
:10052000FFF7C6FE039B1B6805991846FFF723FFDC
:10053000039B1B68BDF8122011461846FFF7CFFE3B
:10054000039B1B68019A02991846FFF78DFE039BD7
:100550001B6805991846FFF704FF9DF80330002B30
:1005600005D0039B1B6805991846FFF797FE00BF4F
:1005700007B000BD944D030000B585B00390029113
:1005800013468DF80730039B002B03D10B49A9209C
:10059000F5F742FF039B1B6802991846FFF7E1FE3F
:1005A0009DF80730002B05D0039B1B680299184665
:1005B000FFF774FE00BF05B000BD00BF944D0300FF
:1005C00000B583B001900091019B002B03D1094934
:1005D000B320F5F721FF019B1B6800991846FFF730
:1005E000CAFE019B1B6800991846FFF761FE00BF19
:1005F00003B000BD944D030000B583B001900B46DD
:10060000ADF80230019B002B03D10E49BA20F5F75B
:1006100003FF019B1B68BDF8022011461846FFF737
:1006200051FE0346002B09D0019B1B68BDF8022038
:1006300011461846FFF753FE012300E00023184639
:1006400003B000BD944D030082B001900091019A67
:10065000009BD31A23F07F43184602B07047000076
:1006600000B58BB00390029101920093039B002B85
:1006700003D15649CD20F5F7CFFE4FF48032029BCF
:1006800002FA03F30993029B50339BB29B00ADF82F
:100690002230019B23F07F43019309990398FFF7D0
:1006A0008FFF039B1B681846FFF72EFE0790039BE6
:1006B0001B6802991846FFF7E5FD0690039B1B682F
:1006C000079A02991846FFF7CFFD039B1B68BDF8F8
:1006D000222011461846FFF702FE07990698FFF7F9
:1006E000B3FF0346012B0AD11020FFF7A7FD039BA0
:1006F0001B68BDF8222011461846FFF7F0FD039B4A
:100700001B681846FFF700FE079007990198FFF74E
:100710009BFF0590039B1B6809991846FFF721FE74
:10072000059B012B15D1039B1868019B01331A46C9
:100730000299FFF799FD1020FFF780FD039B1B68CE
:100740001846FFF7E1FD0246079B934235D00D2383
:1007500039E0039B1B68019A02991846FFF784FD54
:10076000039B1B681846FFF7CFFD0790019B013BD9
:1007700007991846FFF768FF0590009BC3F1FF1328
:1007800003F57F43059A9A4201D90D231BE0059B8F
:10079000002B12D1039B1868019B01331A46029962
:1007A000FFF762FD039B1B681846FFF7ADFD02468D
:1007B000079B934201D00D2305E00122099903987C
:1007C000FFF7DAFE002318460BB000BD944D03007E
:1007D00000B583B001900B468DF803309DF80330CF
:1007E0001A4602210198FFF7C7FE00BF03B000BD03
:1007F00000B583B001904FF482710198FFF7FCFEC1
:100800000346184603B000BD00B583B001900091C7
:100810004FF48032009B02FA03F319460198FFF768
:10082000CFFE00BF03B000BD00B585B001900091C0
:10083000009B50339BB29B00ADF80E30BDF80E30DC
:1008400019460198FFF7D8FE0346184605B000BDCB
:1008500000B583B001900091019B1B680099184678
:10086000FFF710FD0346184603B000BD00B583B086
:100870000190019B1B681846FFF746FD034618468A
:1008800003B000BD00B583B00190019B93F9043023
:100890001846FFF757FC00BF03B000BD08B5044B76
:1008A0001B68044A12681046984700BF08BD00BF85
:1008B000443600204836002086B001900091019B0C
:1008C00053E8011F8AB2D88902449889824228BF1E
:1008D000121A1889824202BFBFF32F8F002307E04C
:1008E000C2EA010243E801200028E9D14FF00103E8
:1008F0008DF80F30059002910492029A009B1A60C5
:100900009DF80F30DBB2184606B0704784B00190F6
:10091000019951E8013FC3EA034341E80132002A4B
:10092000F7D10392029300BF04B0704786B00190E4
:100930000091019B53E8021F1FFAA1F2D88882425E
:1009400002BFBFF32F8F00230DE0D889024498899E
:10095000824228BF121AC1EA024243E8022000285C
:10096000E8D14FF001038DF80F3005900291049209
:10097000029A009B1A609DF80F30DBB2184606B051
:10098000704784B00190019951E8023FC3EA2343C4
:1009900041E80232002AF7D10392029300BF04B06B
:1009A000704784B00390029111461A460B46ADF889
:1009B00006301346ADF80430029B002B01D10E2304
:1009C0001FE0BDF80630BDF80420B3FBF2F101FBD7
:1009D00002F29B1A9BB2002B01D0092311E0039B6A
:1009E000029A1A60039B00225A60039B00229A60BD
:1009F000039BBDF806209A81039BBDF80420DA8191
:100A00000023184604B0704700B585B001900091EE
:100A1000009B19460198FFF74FFF0346002B07D0B4
:100A2000019B1B68009A128813440393039B00E008
:100A30000023184605B000BD00B583B001900091B9
:100A4000009B1A88009B5B889A4204D10198FFF7AB
:100A50005DFF012300E00023184603B000BD00B590
:100A600085B001900091009B19460198FFF75EFF49
:100A70000346002B07D0019B1B68009A5288134441
:100A80000393039B00E00023184605B000BD00B5AA
:100A900083B001900091009B1A88009B5B889A426A
:100AA00004D10198FFF76DFF012300E000231846F1
:100AB00003B000BD00B585B001900091009B5B09BB
:100AC0009B00019A1A44009B03F01F03012101FAC5
:100AD00003F31946104600F048F8039000BF05B034
:100AE00000BD00B585B001900091009B5B099B00A3
:100AF000019A1A44009B03F01F03012101FA03F33A
:100B0000DB431946104600F05EF8039000BF05B0C5
:100B100000BD82B001900091009B5B099B00019A8F
:100B200013441A68009B03F01F0322FA03F303F037
:100B30000103C3F30003DBB2184602B0704710B4E0
:100B400087B001900091019B009A53E8004F104636
:100B500043E8000191F0000FF7D105940490039150
:100B6000059B184607B010BC704710B487B00190C1
:100B70000091019B009A53E8004F44EA020043E8C9
:100B8000000191F0000FF6D1059404900391049BAD
:100B9000184607B010BC704710B487B001900091A0
:100BA000019B009A53E8004F04EA020043E8000169
:100BB00091F0000FF6D1059404900391059B18461F
:100BC00007B010BC704710B487B001900091019B32
:100BD000009A53E8004F04EA020043E8000191F054
:100BE000000FF6D1059404900391049B184607B0BA
:100BF00010BC704710B487B001900091019B009A1F
:100C000053E8004F04EB020043E8000191F0000FAD
:100C1000F6D1059404900391049B184607B010BCCC
:100C2000704710B487B001900091019B009A53E87F
:100C3000004FA4EB020043E8000191F0000FF6D151
:100C4000059404900391049B184607B010BC7047AC
:100C500000B583B0019001210198FFF786FF03469C
:100C6000184603B000BD00B583B001900021019883
:100C7000FFF792FF0346184603B000BD00B583B0EE
:100C800001900B468DF80330019B002B03D10849DE
:100C9000E820F5F7C1FB019BDA689DF80330019964
:100CA000098A01FB03F31344184603B000BD00BFDB
:100CB000584E030000B583B001900091019B002BBA
:100CC00003D10849F520F5F7A7FB009B019AD268EC
:100CD0009B1A019A128AB3FBF2F3DBB2184603B0F7
:100CE00000BD00BF584E030000B585B00190019BC8
:100CF000002B01D10E234CE0019B1B68002B03D17C
:100D00002549FF20F5F788FB019B5B68002B04D188
:100D100021494FF48070F5F77FFB019B9B68002B06
:100D200004D11D4940F20110F5F776FB019BDB6809
:100D3000002B04D118494FF48170F5F76DFB019B2E
:100D40001B8A002B04D1144940F20310F5F764FB11
:100D5000019B9A68019B5B68D31A8DF80F30019B49
:100D60001B68019A52681A6007E0019B1A681368B1
:100D7000591C11609DF80F201A709DF80F305A1EF3
:100D80008DF80F20002BF0D1019B1B6800221A71F7
:100D90000023184605B000BD584E030000B585B0CD
:100DA0000190019B002B04D11F494FF49270F5F77D
:100DB00033FB0023039300238DF80A300DF10A035F
:100DC0001846FFF75BF9019B1B681A68019B5B687B
:100DD0009A421FD9019B1B681A68013A1A601B6866
:100DE0001B7819460198FFF749FF0390019B9A6809
:100DF000019B1B681B68D31A8DF80B30019B1B6885
:100E00001B799DF80B209A4204D9019B1B689DF821
:100E10000B201A719DF80A301846FFF743F9039B1F
:100E2000184605B000BD00BF584E030010B584B091
:100E300001900091019B002B04D1154940F247100D
:100E4000F5F7EAFA009B002B04D111494FF4A47086
:100E5000F5F7E2FA009B039300238DF80B300DF1B8
:100E60000B031846FFF70AF9019B1B681C68621CFC
:100E70001A6003990198FFF71DFF034623709DF840
:100E80000B301846FFF70EF900BF04B010BD00BFCD
:100E9000584E030000B583B00190019B002B03D195
:100EA0000B493120F5F7B8FA019B9B68002B0CD059
:100EB000019B5B69019A1069019A1168019A926815
:100EC0009847019B00229A6000E000BF03B000BD7C
:100ED000CC4E03000EB400B584B00190019B002BF2
:100EE00003D118494220F5F797FA019B5B69002B63
:100EF00003D114494320F5F78FFA019B1B68002B9F
:100F000003D110494420F5F787FA019B5B68002B59
:100F100003D10C494520F5F77FFA059B002B0AD039
:100F20000023039306AB039303AB1A46059901987C
:100F300000F0B4F900E000BF04B05DF804EB03B0CA
:100F4000704700BFCC4E030000B583B001900B4644
:100F50008DF803309DF803300A2B03D10D21019841
:100F6000FFF7F2FF019B1A68019B9B68581C0199CF
:100F7000886013449DF803201A70019B9A68019BB6
:100F80005B689A4202D30198FFF784FF00BF03B069
:100F900000BD00B587B00390029101920093002339
:100FA0000593009B03F00103002B24D00BE0029B70
:100FB00001330293059B013305939DF813301946C5
:100FC0000398FFF7C1FF029B1B788DF813309DF843
:100FD0001330002BEBD106E0019B013B0193202154
:100FE0000398FFF7B1FF019A059B9A422ED9019B06
:100FF000002BF1D12AE0029B002B0BD0029802F0CB
:10100000E6FD059006E0019B013B0193202103983A
:10101000FFF79AFF019A059B9A420FD9019B002B7B
:10102000F1D10BE0029B01330293059B0133059341
:101030009DF8133019460398FFF786FF029B1B7833
:101040008DF813309DF81330002BEBD100BF07B0A3
:1010500000BD000000B589B0039002910192009399
:10106000029B07930123069307E0079A019BB2FBBB
:10107000F3F30793069B01330693079A019B9A4269
:10108000F3D2009A069B9A4201D9009B06930B9BD0
:1010900003F00103002B22D10A9B002B1FD00B9BD6
:1010A00003F00203002B06D0009B002B03D130235A
:1010B0008DF8173002E020238DF8173008E00A9BE6
:1010C000013B0A939DF8173019460398FFF73CFF40
:1010D0000A9B002B03D0069A0A9B9A42EFD3012366
:1010E0000793009B012B03D9009B013B009309E070
:1010F000029A079BB2FBF3F30493049A019B9A4272
:1011000000D205E0079B019A02FB03F30793E8E78F
:10111000029A079BB2FBF3F30493049B079A02FB2A
:1011200003F3029AD31A0293144A049B13441B78C4
:1011300019460398FFF708FF079A019BB2FBF3F3E8
:101140000793079B002BE3D10B9B03F00103002BBC
:1011500011D00A9B002B0ED006E00A9B013B0A939C
:1011600020210398FFF7F0FE0A9B002B03D0069A7C
:101170000A9B9A42F1D300BF09B000BDAC4F0300F7
:1011800000B589B00590049103920293049B002B53
:10119000B8BF5B4206930123079307E0039B069ABF
:1011A00092FBF3F30693079B01330793039B069A85
:1011B0009A42F3DA029A079B9A4201D9029B07935B
:1011C0000A9B002B0AD0049B002B04DB0B9B03F033
:1011D0000403002B02D00A9B013B0A930B9B03F0F4
:1011E0000203002B02D0029B002B16D00B9B03F0B6
:1011F0000103002B11D10A9B002B0ED006E00A9BA5
:10120000013B0A9320210598FFF79EFE0A9B002BC5
:1012100003D0079A0A9B9A42F1D3049B002B07DA6A
:10122000049B5B4204932D210598FFF78DFE08E097
:101230000B9B03F00403002B03D02B210598FFF731
:1012400083FE0B9B03F00203002B19D00B9B03F0D2
:101250000103002B14D1029B002B11D10A9B002B00
:101260000ED006E00A9B013B0A9330210598FFF758
:101270006BFE0A9B002B03D0079A0A9B9A42F1D37C
:1012800004990B9B01930A9B0093029B039A059878
:10129000FFF7E0FE00BF09B000BD000000B58FB051
:1012A000059004910392059B002B04D19E4940F2C6
:1012B0005220F5F7B1F8059B5B69002B04D19A49E0
:1012C0004FF41570F5F7A8F8059B1B68002B04D1A7
:1012D000954940F25520F5F79FF8059B5B68002B78
:1012E00004D1914940F25620F5F796F8049B002B63
:1012F00000F06381049B1B788DF83730049B013329
:1013000004939DF83730002B00F04E819DF8373064
:10131000252B40F03D8100230A9301230C93049B6D
:101320001B788DF837309DF83730302B0DD0302BAF
:101330001BDC2B2B11D02D2B17D10A9B43F0010363
:101340000A93049B0133049312E00A9B43F00203C7
:101350000A93049B013304930AE00A9B43F00403BD
:101360000A93049B0133049302E000230C9300BF13
:101370000C9B002BD3D1002309939DF837302A2BE7
:101380000CD1039B1B68191D039A11601B68099AF5
:1013900013440993049B013304931AE0049B1B78C4
:1013A0008DF837309DF837302F2B12D99DF8373014
:1013B000392B0ED8049B01330493099A13469B00E2
:1013C00013445B001A469DF837301344303B0993B1
:1013D000D3E700230B93049B1B788DF837309DF8DF
:1013E00037302E2B1DD1049B01330493049B1B78B3
:1013F0008DF837309DF837302F2B12D99DF83730C4
:10140000392B0ED8049B013304930B9A13469B008F
:1014100013445B001A469DF837301344303B0B935E
:10142000E4E7049B1B788DF837309DF837306C2B40
:1014300003D09DF83730682B07D1049B0133049308
:10144000049B1B788DF83730EFE79DF83730782B09
:1014500058D0782B00F39780752B41D0752B00F373
:101460009280732B62D0732B00F38D80702B6BD026
:10147000702B00F38880692B20D0692B00F38380C8
:10148000642B1BD0642B7EDC632B06D0632B7ADCB1
:10149000252B73D0582B35D075E0039B1B68191D85
:1014A000039A11601B680C930C9B8DF81F309DF8FC
:1014B0001F3019460598FFF747FD65E0039B1B6841
:1014C000191D039A11601B680C930A9B0193099BD9
:1014D00000930B9B0A220C990598FFF751FE53E0ED
:1014E000039B1B68191D039A11601B680C930C99D0
:1014F0000A9B0193099B00930B9B0A220598FFF717
:10150000A9FD41E0039B1B68191D039A11601B682C
:101510000C930C990A9B0193099B00930B9B10223F
:101520000598FFF797FD2FE0384F0300039B1B68DA
:10153000191D039A11601B6808930A9B099A089960
:101540000598FFF726FD1FE0039B1B68191D039AF2
:1015500011601B680C9330210598FFF7F5FC78218A
:101560000598FFF7F1FC0C990023019308230093E1
:10157000082310220598FFF76DFD05E02521059849
:10158000FFF7E2FC00E000BF049B0133049305E099
:101590009DF8373019460598FFF7D6FC049B1B7859
:1015A000002B7FF4A7AE00E000BF059B1B7B002B48
:1015B00004D00598FFF76EFC00E000BF0FB000BD3F
:1015C00000B583B001900198FFF78EFB03461846E3
:1015D00003B000BD00B58BB001900091019B1B8A48
:1015E000043B0793009A079B1344DA1C079BB2FB4A
:1015F000F3F38DF81B300198FFF7D0FB0590059BA6
:10160000002B01D1002338E0059B00221A71059BB5
:1016100001225A71079B9AB2059BDA80059B0993B8
:101620009DF81B30013B0493099B019A1A6000232B
:1016300008931DE00198FFF7B1FB0390039B002B7B
:101640000ED0059B5B790133DAB2059B5A71099B79
:10165000039A1A60039B019A1A60039B099304E0A2
:10166000059800F00DF8002307E0089B013308936C
:10167000089A049B9A42DDD3059B18460BB000BD27
:1016800000B58BB00190019B0793079B5B798DF8A8
:101690001B30019B08939DF81B30013B05930023F1
:1016A000099305E0089B1B680893099B0133099384
:1016B000099A059B9A42F5D3089B1B680493019BEA
:1016C0000893002309930BE0089B1B680393089978
:1016D0000498FFF7ABFB039B0893099B0133099325
:1016E0009DF81B30099A9A42EED300BF00BF0BB0A1
:1016F00000BD00B585B00190019B0393039B0433AB
:1017000001211846FFF776FA00BF05B000BD00B50D
:1017100087B00190019B0593059B04330121184676
:10172000FFF77FFA0346039303AB0493049B1B78F4
:10173000002B02D10198FFF7A3FF00BF07B000BD47
:1017400000B591B00390029101920093039B002B8E
:1017500003D14349B620F4F75FFE039B0993039B33
:101760000F93099BDB881A46099B5B7902FB03F305
:10177000043B0893009A089B9A4203D33849C4203B
:10178000F4F74AFE099BDB880793009B1A1D079B11
:10179000B2FBF3F30E93009B0433079AB3FBF2F210
:1017A000079901FB02F29B1A0D93019B1A68009B9B
:1017B0001344089A9A4204D2089A009BD31A0C93B5
:1017C00002E0019B1B680C93019B0C9A1A6005E0D8
:1017D0000F9B1B680F930E9B013B0E930E9B002BE0
:1017E000F6D100230B93079A0D9BD31A0A930A9AFA
:1017F0000C9B934228BF13460A932AE0029A0B9B44
:10180000134406930F9A0D9B1344043305939DF8DC
:101810004830002B05D00A9A0599069802F0EEF997
:1018200004E00A9A0699059802F0E8F900230D935E
:101830000F9B1B680F930C9A0A9BD31A0C930B9A5D
:101840000A9B13440B93079A0C9B934228BF1346A1
:101850000A930C9B002BD1D100BF00BF11B000BD7B
:10186000BC4F030000B589B0059004910392029328
:10187000039B079307AA00230093029B04990598F2
:10188000FFF75EFF079B039A9A4203D00349F620B5
:10189000F4F7C2FD00BF09B000BD00BFBC4F03009C
:1018A00000B589B00590049103920293039B0793BE
:1018B00007AA01230093029B04990598FFF740FFB4
:1018C000079B039A9A4204D003494FF48070F4F7BF
:1018D000A3FD00BF09B000BDBC4F030082B00346AA
:1018E0008DF807309DF90730002B0DDB9DF8073090
:1018F00003F01F0206499DF907305B09012000FA39
:1019000002F2603341F8232000BF02B0704700BFED
:1019100000E100E000B583B00190019B002B03D1F2
:1019200006497220F4F778FD019B00221A60BFF38C
:101930005F8F00BF00BF03B000BD00BF8450030035
:1019400041DF704700BF184600B585B000238DF811
:1019500007300DF107031846FEF790FBF1EE103A41
:101960000393039B23F09F030293029BE1EE103A43
:1019700000BFBFF35F8F00BF2620FFF7AFFF9DF8CA
:1019800007301846FEF78EFB039B03F00703002B7E
:1019900003D003497D20F4F73FFD00BF05B000BD33
:1019A000C850030008B5064B00221A700548FFF71F
:1019B000B1FF0549054800F049F80023184608BD65
:1019C0005436002050360020405103005836002085
:1019D00000B583B0FFF7B8FF01F06AFD0346002BA6
:1019E0000ED0FFF7ADFF0190019B002B0BD0019BA8
:1019F000022B08D005494FF4B070F4F70DFD02E05A
:101A000020BF40BF20BF00BF03B000BDC8500300CF
:101A100082B00190019B9B6800229A60019B9B68A9
:101A200000221A61019B9B6800225A61019B9B68FE
:101A30000022DA60019B9B6800225A60019B9B6830
:101A400000221A6000BF02B07047000000B583B0EA
:101A500001900091019B002B03D110495020F4F715
:101A6000DBFC009B002B03D10C495120F4F7D4FC84
:101A7000019B009A1A60019B1B681A68019B5A60BF
:101A8000019B5A68019B1B685B689A4202D1019BCB
:101A900000225A6000BF03B000BD00BF4C510300DC
:101AA00000B583B00190019B002B03D11349632043
:101AB000F4F7B2FC019B1B68002B03D10F49642093
:101AC000F4F7AAFC019B5B68002B14D0019B5B68B8
:101AD0001A46019B1B689B6813441A46019B5A6077
:101AE000019B5A68019B1B685B689A4204D1019B69
:101AF00000225A6000E000BF03B000BD4C5103005B
:101B000000B585B001900091019B002B03D11749CE
:101B10003A20F4F781FC009B002B03D113493B20B2
:101B2000F4F77AFC019B5B6803930FE0019B9B68D1
:101B3000039A1268009910469847034683F0010300
:101B4000DBB2002B07D1039B1B680393039B1B682D
:101B5000002BEBD100E000BF039B1A68009B1A60CA
:101B6000039B009A1A6000BF05B000BDE851030056
:101B700000B585B00190019B002B03D10B4951208A
:101B8000F4F74AFC019B5B681B680393019B5B684D
:101B90001B68002B06D0019B5B681A68019B5B6881
:101BA00012681A60039B184605B000BDE851030097
:101BB00000B583B00190019B002B03D104495D2047
:101BC000F4F72AFC019B5B681B68184603B000BD54
:101BD000E851030000B585B001900091019B002BF6
:101BE00003D115496920F4F717FC009B002B03D1A2
:101BF00011496A20F4F710FC00238DF80B30019B8B
:101C00005B6803930FE0039B1B68009A9A4207D11D
:101C1000009B1A68039B1A6001238DF80B3006E0C5
:101C2000039B1B680393039B1B68002BEBD19DF860
:101C30000B30184605B000BDE851030000B585B073
:101C40000190019800F00CF80390039B002B01D049
:101C5000039B00E0014B184605B000BD6052030035
:101C600086B00190164B0593164B04931FE0049A1F
:101C7000059BD31ADB10DA0F13445B10DB00059AC7
:101C800013440393039B1B680293029A019B9A429D
:101C900002D9039B04930AE0029A019B9A4203D261
:101CA000039B0833059302E0039B5B6804E0059AFD
:101CB000049B9A42DBD30023184606B0704700BF4E
:101CC000605603008857030000B585B00190019B62
:101CD000002B0AD0064B43F001030393019B9B01A9
:101CE0000293039B0298984700E000BF05B000BD37
:101CF000A057030000B583B00190019B002B0AD0D0
:101D00004FF47A70FFF7E0FF019B013B0193019BC9
:101D1000002BF5D100E000BF03B000BD08B501F015
:101D20002BFA00BF08BD000000B589B003900291F6
:101D30000192019B002B33D00023079303230693CA
:101D4000029A079B1344019A1946002001F0A2F958
:101D50000590079A059B13440793019A059BD31A94
:101D60000193059B002B13D10F4B1B7883F00103CC
:101D7000DBB2002B13D10120FFF7BCFF069B013B18
:101D80000693069B002B03D1074B00221A7007E035
:101D9000054B01221A70019B002BD1D100E000BF3E
:101DA00000BF09B000BD00BF6036002000B585B09F
:101DB00003900291054B00934023054A0299039832
:101DC00000F012F800BF05B000BD00BF291D0300E0
:101DD0006436002082B0019000BF02B0704782B02C
:101DE000019000BF02B0704700B5A1B0059004910A
:101DF000039202930498FFF77CFC039B1593029BCC
:101E000016930023179300238DF860300023199355
:101E1000229B1A9300231F930FA91F9B082204984B
:101E2000FFF73EFD08231F93119B1293BDF840302E
:101E3000ADF84C30BDF84230ADF84E3000238DF88F
:101E400051309DF83C3003F00303DBB2012B26D167
:101E50000F9BC3F395231C939DF83C30C3F3C2033F
:101E6000DBB28DF85030BDF83C30C3F38313DBB2E6
:101E70001B931B9B9A0009A91F9B0498FFF710FD59
:101E80001B9B9B001F9A13441F9312AA09A915AB11
:101E9000009313461B9A1C9800F0CEFE2FE09DF88D
:101EA0003C3003F00303DBB2022B28D1BDF83E30F7
:101EB000C3F389139BB21E939DF83C30C3F3C20356
:101EC000DBB28DF850301E9B082B28BF08231D93D2
:101ED00007A91F9B1D9A0498FFF7E2FC1F9A1D9B00
:101EE00013441F931E9A1D9BD31A1E9315AB12AA5F
:101EF00007A81D9900F054FF1E9B002BE3D1049806
:101F0000FFF705FC00BF21B000BD82B00190019B2E
:101F1000DB6801225A7100BF02B0704700B583B080
:101F20004FF0FF330193FFF7F9FE0421084800F05A
:101F30009FFD0190019B002B03DA06494120F4F735
:101F40006BFA0348FFF7E1FF00BF03B000BD00BF1D
:101F5000843E0300B857030000B583B001900091A0
:101F6000019B1B681B6800990198984700BF03B04C
:101F700000BD00B583B00190019B1B685B680198B0
:101F8000984700BF03B000BD00B583B00190019B2E
:101F90001B689B680198984700BF03B000BD82B0E2
:101FA00001900B468DF80330019BDB689DF8032000
:101FB0001A7100BF02B0704782B00190019BDB68CC
:101FC0001B79184602B0704782B00190019BDB6814
:101FD00001225A7100BF02B0704782B00190019B8C
:101FE000DB685B79184602B07047000000B585B029
:101FF000019000910B4B00221A700B48FFF7E0FA9A
:102000000390039B002B01D0039B08E00748FFF7D8
:10201000FFFC074A074BD31ADB080293002318463C
:1020200005B000BD0C380020F03D03003C58030013
:10203000843E0300043E0300024A034BD31ADB082C
:1020400018467047843E0300043E030000B587B085
:1020500001900B468DF803309DF80330002B1FD004
:10206000FFF7EAFF04900023059313E0059B9B0014
:102070000D4A13440393039B1B881A46019B1B685C
:102080009A4204D1019B059A1A60002309E0059B3E
:1020900001330593059A049B9A42E7D3052300E098
:1020A0000023184607B000BDD82A002000B585B02F
:1020B00001900B468DF803309DF8032001AB1146CB
:1020C0001846FFF7C3FF0346002B07D1019BDB0037
:1020D000044A13440393039B1B6800E00023184643
:1020E00005B000BD043E030084B001900B468DF89E
:1020F0000330019BDB00164A134402939DF8033022
:10210000042B17D0042B1ADC032B0ED0032B16DC68
:10211000012B02D0022B04D011E002238DF80F30E6
:1021200011E004238DF80F300DE0029B1B798DF830
:102130000F3008E0029B5B798DF80F3003E000233D
:102140008DF80F3000BF9DF80F30184604B070476F
:10215000043E030084B00190009100238DF80F30FD
:10216000019B1B7803F00403DBB2002B24D0019BFE
:102170001B78C3F30103DBB2012B02D0022B0CD07E
:1021800017E0009B1B68019A1288C2F38312D2B237
:1021900013449A1C009B1A600BE0009B1B68019A79
:1021A0005288C2F3891292B213449A1C009B1A609F
:1021B00000BF01238DF80F309DF80F30184604B092
:1021C0007047000000B58BB00023ADF826303D48C5
:1021D000FEF73EFD3C48FEF73BFD3C4B9B680493FD
:1021E0003B4B1B680693049A069B134002339B00EB
:1021F000364A13440433089304AB19460898FFF792
:10220000A9FF0346002B09D0049A069B1340023312
:102210009B002E4A134404330893EDE700BF0023CC
:10222000079311E0049B5A1C0492069A1340079AE4
:10223000920001A90A44254902339B000B445B68C4
:102240001360079B01330793079B012BEAD99DF885
:102250000430C3F30103DBB2012B10D0022B1CD1DD
:10226000BDF80A30ADF82630BDF80630C3F3891347
:102270009BB203339A08049B1344049313E0BDF804
:102280000A30ADF82630BDF80430C3F38313DBB257
:102290001A46049B1344049305E00E494FF4C270A0
:1022A000F4F7BAF800BF0848FEF7DDFC0590059B7F
:1022B000002B02D0049B054A9360BDF826301846D7
:1022C0000BB000BD243C0020203C00200C38002036
:1022D000B42B00204C58030000B585B000210748FE
:1022E000FEF72DFC0390039B0293029B83F31003E4
:1022F0000193019B184605B000BD00BF283C00209B
:1023000000B589B00390029101920093039B1B0CCE
:102310000793FFF7E1FF0690FFF78EFE0246079B4B
:10232000934204D3214940F2A910F4F775F8069BB3
:102330001904009B5A1C0A9B1340079A0A431C4924
:1023400002339B000B445A60009A0A9B13400233ED
:102350009B00174A134404330593039B03F00703C0
:10236000D9B2059A137861F3C5031370019B03F08A
:102370000F03D9B2059A138861F389131380029B66
:10238000C3F31501059A136861F39F231360059A3F
:102390001378012161F301031370059A137823F078
:1023A0000403137000BF09B000BD00BF4C58030008
:1023B0000C38002000BF704700B58DB0039002912B
:1023C00013468DF80730039B02330A9301238DF8DF
:1023D000273000238DF81B300DF11B031846FDF745
:1023E0004DFE3F4B5A68029B1A603E4B1A683C4BAD
:1023F00099683B4B5B68CB1A134401330B9314E091
:1024000001213948FEF7F6FBFFF7DCFE079007993C
:102410003548FEF7EFFB334B1A68314B9968304B68
:102420005B68CB1A134401330B930A9A0B9B9A42B5
:10243000E6D89DF82730002B48D0002305939DF85F
:102440000730002B17D09DF81430012262F30103EE
:102450008DF814309DF8143043F004038DF81430D7
:10246000039B03F00F03DAB2BDF8143062F3891353
:10247000ADF8143016E09DF81430022262F3010327
:102480008DF814309DF8143043F004038DF81430A7
:10249000039BC3F309039AB2BDF8163062F38F139E
:1024A000ADF816300E4B5A680E4B1B6813400233C2
:1024B0009B000B4A134404330893059A089B1A6047
:1024C000074B5A680A9B1344054A53609DF81B301A
:1024D0001846FDF7E7FD9DF8273018460DB000BD02
:1024E0000C380020B42B0020283C002000B58BB015
:1024F00005900491039202931F4B1B68079306AB50
:10250000012219460298FFF757FF0346002B24D0FB
:10251000069B023309930023089311E0089B9B005C
:10252000039A1A44099B591C099107990B40126898
:10253000124902339B000B445A60089B01330893F5
:10254000089A029B9A42E9D3069A079B0093134686
:10255000029A04990598FFF7D3FE084B1B78002BCD
:1025600004D000F079F80346002BFAD1FFF722FFE0
:1025700000BF0BB000BD00BFB42B00200C38002002
:1025800000B583B0019000910023002200990198CA
:10259000FFF7ACFF00BF03B000BD00B587B00390EC
:1025A00002910192019B059305AA012302990398C8
:1025B000FFF79CFF00BF07B000BD00B587B00390D8
:1025C000029101920093019B0493009B059304AA3E
:1025D000022302990398FFF789FF00BF07B000BDEF
:1025E00000B589B00390029101920093019B05937D
:1025F000009B06930A9B079305AA0323029903985D
:10260000FFF774FF00BF09B000BD00B58BB00390A9
:10261000029101920093019B0593009B06930C9BF2
:1026200007930D9B08930E9B099305AA0523029916
:102630000398FFF75BFF00BF0BB000BD054B9A6826
:10264000044B5B689A420CBF01230023DBB218469F
:10265000704700BF0C38002000B599B0FFF7EEFFBF
:102660000346002B01D00023C2E19C4B0022C3F89B
:102670001824BFF34F8F00BF984B9B680493984B6F
:102680001B680C93049A0C9B134002339B00934AE3
:10269000134404330E93002317930023169300234F
:1026A0000B9304AB19460E98FFF754FD0346002B1D
:1026B00019D08A4BD3F81834002B14D1874B5A68A1
:1026C000049B9A4205D8854B5B68844A936000233B
:1026D0008EE1049A0C9B134002339B007F4A134403
:1026E00004330E93DDE70023159311E0049B5A1C7D
:1026F00004920C9A1340159A920001A90A44774952
:1027000002339B000B445B681360159B01331593E8
:10271000159B012BEAD99DF8043003F00303DBB2CB
:10272000022B40F09F80BDF80630C3F389139BB2A3
:102730000993BDF80630C3F389139BB2502B28BF11
:1027400050239BB20893089BC3F309039AB2BDF8C8
:10275000063062F38F13ADF80630089B08330793F9
:102760009DF80430C3F3C203DBB20B9307995D48B5
:10277000FEF730FF1790179B002B00F0D5801798BD
:10278000FEF7B7FF01A9169B08221798FFF76AF812
:10279000169B08331693049BDA430C9B13400133BA
:1027A0009B000693089A069B9A4245D9069B002BEC
:1027B00009D0049A0C9B134002339B00474A1344F0
:1027C0000433149301E0484B1493069B002B03D071
:1027D000069B8DF84F3002E0089B8DF84F30069B2A
:1027E000002B02D0404B129301E000231293069B72
:1027F000002B07D0089BDAB2069BDBB2D31A8DF808
:10280000473002E000238DF847309DF84F20169B9B
:1028100014991798FFF726F89DF84F30169A13442D
:102820001693129B002B16D09DF84720169B1299E9
:102830001798FFF717F80EE0049A0C9B1340023329
:102840009B00264A134404330593169B089A059966
:102850001798FFF707F8099B03339A08049B134462
:10286000049361E09DF8043003F00303DBB2012B15
:102870005AD1BDF80430C3F38313DBB2062B28BF53
:102880000623DAB2BDF8043062F38913ADF80430E0
:10289000BDF80430C3F38313DBB202330A939DF80F
:1028A0000430C3F3C203DBB20B930A9B9B001946AF
:1028B0000C48FEF78FFE1790179B002B34D017980B
:1028C000FEF717FF01A9169B08221798FEF7CAFF0B
:1028D000169B08331693002315931CE00C38002038
:1028E000B42B0020F03D030018380020049B5A1C34
:1028F00004920C9A134002339B003F4A1344191D63
:10290000169B04221798FEF7ADFF169B043316930F
:10291000159B01331593BDF80430C3F38313DBB269
:102920001A46159B9342E1D3179B002B40D0324BA4
:10293000D3F810341093304BD3F81834002B1BD03D
:102940001798FEF7E4FE4DE000238DF83F30109815
:10295000FFF743FB0346002B02D001238DF83F30E5
:102960009DF83F30002B03D017991098FFF7F4FA29
:10297000109BDB681B681093109B002BE4D1179809
:10298000FEF7C5FE00238DF803300DF10303184652
:10299000FDF774FB184BD3F81834002B02D1049BBD
:1029A000154A93609DF803301846FDF77BFB19E04C
:1029B000114BD3F810340D9306E00D98FFF7E4FAAD
:1029C0000D9BDB681B680D930D9B002BF5D10B4A0B
:1029D0000B4BD31ADB081B0443F0020309491846CA
:1029E000FFF7CEFDFFF72AFE034683F00103DBB2BB
:1029F000184619B000BD00BF0C3800202C3E030063
:102A0000043E0300C858030000B585B000230393BB
:102A100023E0164BD3F81034029301238DF80730CE
:102A20000FE00298FFF7C8FA03461A46039B934249
:102A300003D100238DF8073006E0029BDB681B689A
:102A40000293029B002BECD19DF80730002B01D0A4
:102A5000039B07E0039B01330393039B092BD8DD02
:102A60004FF0FF33184605B000BD00BF0C38002002
:102A700000B585B001900B468DF80330FFF7C4FF19
:102A80000390039BB3F1FF3F01D1039B22E0039B23
:102A9000DBB219460198FFF782FA104BD3F81034D5
:102AA000002B08D10D4A019BC2F81034019BDB6852
:102AB00000221A600DE0094BD3F81034DA68019B4C
:102AC000DB6812681A60054BD3F81034DB68019A92
:102AD0001A60039B184605B000BD00BF0C380020EB
:102AE00000B583B00C4BD3F8103401930A4B01228C
:102AF0001A7009E00198FFF767FA0198FFF739FAB1
:102B0000019BDB681B680193019B002BF2D100BF86
:102B100000BF03B000BD00BF0C38002082B00190A0
:102B2000009100BF02B0704710B584B003900291CD
:102B3000039BDB88002B0AD0039BDB881A461F4BC4
:102B4000009313461E4A1F490298FEF7C3F9039BE0
:102B50001B7A052B2ED0039B5B7A002B12D0039B94
:102B60009B881A46039B1B7A19461046FFF7BCFA4E
:102B700003461A46144B53F822301A46134902985A
:102B8000FEF7A8F9039B1B6819460298FFF7C6FFDA
:102B9000039B1B7A1A460E4B53F82240039B9B88DB
:102BA00000211846FFF782FA034622460949029897
:102BB000FEF790F900BF04B010BD00BFFC58030041
:102BC0000C59030044590300CC2B00205C5903002E
:102BD000B82B00206059030000B585B00390029126
:102BE00013468DF80730039B1B7A052B0FD0039BF0
:102BF0005B7A002B06D00D4B1B681A460C490298D5
:102C0000FEF768F90B490298FEF764F907E09DF8B2
:102C10000730002B03D007490298FEF75BF90298B2
:102C2000FEF738F900BF05B000BD00BFCC2B002077
:102C30005C5903006C59030030B58BB007900691C6
:102C4000059204930E9B1B7B8DF827300E9B002270
:102C50001A730E990498FFF767FF059B062B76D031
:102C6000059B062B00F28F80059B052B57D0059BFB
:102C7000052B00F28880059B042B3CD0059B042B80
:102C800000F28180059B032B26D0059B032B7AD86D
:102C9000059B022B16D0059B022B74D8059B002B9D
:102CA00003D0059B012B05D06DE007990E98FEF728
:102CB00011F969E0069B1B681A4607990E98FEF702
:102CC00009F961E0069B1A68069B04331B680799A3
:102CD0000E98FEF7FFF857E0069B1A68069B043330
:102CE0001968069B08331B6800930B4607990E98DA
:102CF000FEF7F0F848E0069B1968069B0433186855
:102D0000069B08331B68069A0C32126801920093E6
:102D100003460A4607990E98FEF7DCF834E0069B56
:102D20001868069B04331C68069B08331B68069AC8
:102D30000C321268069910310968029101920093D1
:102D40002346024607990E98FEF7C4F81CE0069B3E
:102D50001C68069B04331D68069B08331B68069A93
:102D60000C32126806991031096806981430006810
:102D700003900291019200932B46224607990E98E8
:102D8000FEF7A8F800E000BF00220E990498FFF7B4
:102D900023FF0E9B9DF827201A7300BF0BB030BD98
:102DA00000B587B00390029101920093029B082B1B
:102DB00060D8009B1B7B8DF81330009B00221A7398
:102DC00000990198FFF7B0FE0023059314E0059ADF
:102DD000029B9A4209D2039A059B13441B781A4618
:102DE00026490098FEF776F803E025490098FEF79B
:102DF00071F8059B01330593059B072BE7D9214902
:102E00000098FEF767F80023059326E0059A029BD9
:102E10009A421BD2039A059B13441B788DF81230FB
:102E20009DF812307E2B0AD89DF81230184600F01B
:102E300067FF0346002B02D09DF8123000E02E23DE
:102E40001A4611490098FEF745F803E00F4900982B
:102E5000FEF740F8059B01330593059B072BD5D959
:102E6000012200990198FFF7B7FE009B9DF81320FF
:102E70001A7300E000BF07B000BD00BF7059030027
:102E8000785903007C5903008059030084590300DA
:102E900082B0204B0193019B02221A61019B022206
:102EA0005A61019B1C4A9A61019B1C4ADA61019B91
:102EB0004FF400721A62019B00229A62019B002269
:102EC0005A62019B0022DA62019B134A9A64019BB9
:102ED000134ADA64019B10221A65019B00229A654D
:102EE000019B00225A65019B0022DA65019B073392
:102EF0000C4A10681860019B0B4A10681860918892
:102F0000927999809A71019B20229A7100BF02B038
:102F1000704700BF2C3C002088590300A43C0020CF
:102F2000A43E0020945903009859030000B589B0CD
:102F300003900291019200230693039BDB680593A3
:102F4000039B1B690493049A059B9A4205D9049A32
:102F5000059BD31A013B079307E0039B9A680499EA
:102F6000059BCB1A1344013B0793039B9A68059B6F
:102F7000D31A079A934228BF13460793079A019BD7
:102F8000934228BF13460793039B5A68059B13443B
:102F9000079A0299184600F031FE069A079B1344DF
:102FA0000693029A079B13440293019A079BD31A34
:102FB0000193059A079B13440593039B9B68059A0D
:102FC0009A4201D100230593039B059ADA60019B85
:102FD000002BB5D1069B184609B000BD00B589B0DD
:102FE000039002910192039BDB680793039B9A680D
:102FF000079BD31A0693069A019B9A420ED9039B0C
:103000005A68079B1344019A0299184600F0F6FD8E
:10301000079A019B1A44039BDA601AE0069B05930A
:10302000039B5A68079B1344059A0299184600F0BF
:10303000E5FD019A069BD31A0593039B5868029AF3
:10304000069B1344059A194600F0D8FD039B059A88
:10305000DA6000BF09B000BD86B00190019B1B691A
:103060000493019BDB680393049A039B9A4208D85C
:10307000019B9A68039BD21A049B1344013B05935E
:1030800004E0049A039BD31A013B0593059B184661
:1030900006B0704700B589B0039002910192029B7F
:1030A0000693039B5A1C13465B001344DB001F4A24
:1030B00013440593059B5B69022B29D0022B2ED864
:1030C000002B02D0012B13D029E00598FFF7C4FF95
:1030D0000490049A019B9A4202D20023079321E0B4
:1030E000019B0793019A06990598FFF777FF19E06E
:1030F0000598FFF7B1FF0490019A049B934228BF03
:1031000013460793079A06990598FFF767FF09E0AA
:10311000019A06990598FFF709FF079002E000233E
:10312000079300BF079B184609B000BD2C3C002048
:1031300000B587B00390029101920E4B1B78002BD3
:1031400001D1FFF7A5FE00238DF813300DF1130315
:103150001846FCF793FF019A02990398FFF79AFF2C
:1031600005909DF813301846FCF79CFF059B184608
:1031700007B000BD2C3C002008B5FFF789FE00BF5A
:1031800008BD000082B003468DF807309DF9073076
:10319000002B0CDB9DF8073003F01F0205499DF959
:1031A00007305B09012000FA02F241F8232000BF3A
:1031B00002B0704700E100E082B003468DF80730AE
:1031C0009DF90730002B09DB0B4A9DF907301344AA
:1031D00093F80033DBB25B09DBB20AE0074A9DF8E3
:1031E000073003F00F03043B13441B7EDBB25B0983
:1031F000DBB2184602B0704700E100E000ED00E0ED
:1032000000B583B00190019B002B03D10449C42079
:10321000F3F702F9019B5B68184603B000BD00BFDD
:10322000A059030010DF704700BF184682B0034664
:103230008DF807309DF907301F2B07DC9DF907300B
:103240000C4A22FA03F303F0010310E09DF9073062
:103250003F2B0BDC9DF90730203B012202FA03F3E0
:10326000002B14BF01230023DBB200E0012318462A
:1032700002B07047FC06FFBD82B00190019B072B96
:1032800007D8EC22019B42FA03F303F00103002B61
:1032900001D1002300E00123184602B0704700006E
:1032A00000B583B003468DF807309DF90730184606
:1032B000FFF7BCFF0346002B02D142F201032EE0D0
:1032C0009DF907301846FFF777FF03461846FFF7CA
:1032D000D3FF0346002B02D142F202031FE0114B41
:1032E0009B68002B15D09DF907305B090D4A52F8F9
:1032F00023209DF8073003F01F03012101FA03F397
:1033000019469DF907305B090A43064941F8232015
:1033100004E09DF907301846FFF734FF00231846F4
:1033200003B000BD3836002000B587B003468DF8E5
:10333000073002AB13491846FEF788FB17E002ABD3
:103340001846FFF75DFF0590059B1B680493059BDE
:1033500059689DF80720049B104698470346002BA8
:1033600001D111230BE002AB1846FEF799FB02AB2B
:103370001846FFF745FF0346002BE0D1002318460F
:1033800007B000BD745A030000B587B003468DF83E
:10339000073002AB11491846FEF758FB12E002ABAA
:1033A0001846FFF72DFF0590059B1B680493059BAE
:1033B00059689DF80720049B1046984702AB1846B1
:1033C000FEF76EFB02AB1846FFF71AFF0346002B11
:1033D000E5D100BF00BF07B000BD00BF805A0300A9
:1033E00000B583B01620FFF75BFF0190019B0093AF
:1033F000009B002B04D0044AA1210098FBF744FE57
:1034000000BF03B000BD00BFFC59030000B585B08C
:10341000224B1B78002B01D008233CE0204B0122DB
:103420001A700020FFF780FF0346112B01D1002303
:1034300031E00020FFF7A8FF1A4B1B68029300231E
:103440008DF807300DF107031846FCF717FE02ABA5
:1034500015491846FFF7E6FE0390039B002B0CBFAF
:1034600001230023DAB20D4B1A709DF8073018467D
:10347000FCF718FE039B002B01D0039B0BE0084BCD
:1034800000221A70094B00221A70FFF7A9FF0120D1
:10349000FFF77AFF0023184605B000BDB43E0020B8
:1034A000B63E0020705A0300A5F00200B53E002091
:1034B000014B1B7818467047B43E002000B585B01C
:1034C0006B4610491846FEF7C1FA10E06B461846E5
:1034D000FFF796FE0390039B1B680293039B5A68B9
:1034E000029B104698476B461846FEF7D9FA6B4682
:1034F0001846FFF785FE0346002BE7D100BF00BF4B
:1035000005B000BD8C5A030008B5FFF7D7FF00BF18
:1035100008BD60DF704700BF184669DF704700BF15
:10352000184661DF704700BF1846000000B583B041
:103530000190019B002B03D10449C420F2F76CFFDA
:10354000019B5B68184603B000BD00BF985A03009A
:1035500082B00190019B002B01D10E2304E0044BAB
:103560001A46019B1A600023184602B0704700BF3C
:10357000D82A002010B586B0034600918DF8073098
:103580000098FFF7E5FF0590059B002B01D0059BF8
:10359000ECE002AB0C220021184600F061FB9DF824
:1035A00007308DF8083001238DF80A300623ADF876
:1035B0000C30009B1A6802AB19462020FFF7ADFFC4
:1035C0000590059B002B0FD06A4A6B4BD31ADB0882
:1035D0001B0443F001040598FEF730FB03461A462E
:1035E00066492046FEF7D9FF02AB0C22002118469F
:1035F00000F036FB01238DF8093000238DF80A30E6
:1036000000238DF80B30009B1A6802AB194640204E
:10361000FFF783FF0590059B002B0FD0554A564BB3
:10362000D31ADB081B0443F001040598FEF706FBE0
:1036300003461A4652492046FEF7AFFF02AB0C2262
:103640000021184600F00CFB9DF807308DF808307B
:10365000F723ADF80A30009B1A6802AB1946232005
:10366000FFF75BFF0590059B002B0FD0414A424BB3
:10367000D31ADB081B0443F001040598FEF7DEFAB9
:1036800003461A463F492046FEF787FF02AB0C224D
:103690000021184600F0E4FA01238DF80830009B61
:1036A0001A6802AB19460120FFF737FF0590059B0A
:1036B000002B0FD02F4A304BD31ADB081B0443F0EA
:1036C00001040598FEF7BAFA03461A462E49204629
:1036D000FEF763FF02AB0C220021184600F0C0FA8F
:1036E0004FF4B0630293009B1A6802AB1946A12005
:1036F000FFF713FF0590059B002B0FD01D4A1E4BB3
:10370000D31ADB081B0443F001040598FEF796FA70
:1037100003461A461D492046FEF73FFF02AB0C2226
:103720000021184600F09CFA9DF8083023F00103B0
:103730008DF80830009B1A6802AB1946A020FFF7ED
:10374000ECFE0590059B002B0FD00A4A0A4BD31ABA
:10375000DB081B0443F001040598FEF76FFA0346EB
:103760001A460B492046FEF718FF0023184606B0FC
:1037700010BD00BF643E0300043E0300F85A03007E
:10378000405B03008C5B0300D45B0300205C030000
:10379000745C030082B04FF08053D3F80C319B026D
:1037A0000193019B03F10053184602B070470000DB
:1037B00010B584B00190019B1B6803930198FFF73B
:1037C000A8FE0290019B1B68039A9A4229D2224AC2
:1037D000224BD31ADB081B0443F00203204918468E
:1037E000FEF7CEFE1C4A1D4BD31ADB081B0443F028
:1037F0000200019B1B68039A1A49FEF7DEFE164A77
:10380000164BD31ADB081B0443F00204FFF7C2FF78
:103810000246019B1B68D31A1A4613492046FEF73D
:10382000BCFE029B002B03D1104B01221A700FE04B
:10383000094A0A4BD31ADB081B0443F0010402981F
:10384000FEF7FCF903461A4609492046FEF7A5FE95
:10385000029B184604B010BD643E0300043E030002
:10386000C85C0300F85C03002C5D0300B73E002039
:10387000585D030000B5ADF5077D86ABA3F5057374
:103880001860234B1B7883F00103DBB2002B3BD184
:103890004FF4FA73ADF806320DF2062202AB114670
:1038A0001846FFF73EFE8590859B002B03D0859B35
:1038B000052B22D129E002AB84937FAB1549184632
:1038C000FEF7C4F811E07FAB1846FFF72FFE839098
:1038D000839B1B688293839B5A68829B11468498C2
:1038E00098477FAB1846FEF7DBF87FAB1846FFF72B
:1038F0001DFE0346002BE6D1CAE7074A40F23B1102
:103900008598FBF7C1FB00E000BF0DF5077D00BD0A
:10391000B73E0020F05D0300785D030000B583B082
:103920000190019B002B03D10449C420F2F774FDE0
:10393000019B5B68184603B000BD00BFFC5D03003F
:103940004BDF704700BF184600B589B0019004AB4B
:103950001846FFF7F5FF0790079B002B03D0079B46
:10396000052B20D124E002AB13491846FEF76EF870
:1039700011E002AB1846FFF7D1FF0690069B1B68CB
:103980000593049A069B5968059B1046984702AB1D
:103990001846FEF785F802AB1846FFF7BFFF03464F
:1039A000002BE6D1D3E7054A6B210798FBF76CFBA8
:1039B00000BF09B000BD00BFD45E03005C5E030021
:1039C00042F6F431C2F20001096800F000B880B597
:1039D0000B468DF803000DF103000121012200F0D8
:1039E0001EF89DF80310002808BF411E084608BDB8
:1039F00038B542F6F431C2F2000104460D6800F019
:103A0000E6F802462846214600F0D3F8013004D0FB
:103A10000A20BDE83840FFF7D3BFC04338BDF8B532
:103A20001D4617460C460646184600F0A6F8002824
:103A300003D407FB04F2A24201D20020F8BD2846BD
:103A4000314600F0B6F8B0FBF4F0F8BD002B35D1EC
:103A500029B9B0FBF2FC0CFB1202604670479142A0
:103A600015D22DE9F041B2FA82F39A409940D3F190
:103A7000200C30FA0CFC51EA0C01984000F04EF892
:103A8000280036FA03F200210023BDE8F081F0B5EA
:103A9000B1FBF2FC0CFB1211B2FA82F39A4099408E
:103AA000D3F1200630FA06F63143984000F036F89C
:103AB000614628003200DA400023F0BDF3B5B3FAC6
:103AC00083FC49085FEA300013FA0CF3DCF12004B0
:103AD00032FA04F423430CB41A0000F01FF80CBCB3
:103AE00033FA0CF3DCF11F0C35FA0CF518BF6D1E20
:103AF00003BCA5FB026705FB0377801BB94190421D
:103B000071EB030C05D3821A71EB0303681C0021CF
:103B1000F0BD02000B0028000021F0BD940D4FF60F
:103B2000C2752D02B5FBF4F4D60A761C04FB04F52D
:103B3000A5FB0656F64306EB0416550832BF0027D0
:103B400077086D1C05FB1677A6FB07477F0807EB78
:103B5000C63714001500E7FB02457F1B4D1C04000F
:103B6000E7FB014505FB1206A64284BF6D1EB61891
:103B7000964224BF6D1CB61A704742F6F031C2F26D
:103B8000000142F6F432C2F200020968126842F6FD
:103B9000F833C2F20003411A1B6818BF0121821AD0
:103BA00018BF01221140C01A18BF0120084040422E
:103BB00070470068FFF7BCBA082907D343F6C46210
:103BC000C2F2000210600022C0E9002170470178B3
:103BD00089B14FF0013C0346194653F8042BCCFA47
:103BE00052F2002AF8D092FAA2F2B2FA82F201EB73
:103BF000D201081A70470020704700005AB384466B
:103C000090EA01039B071FD1830707D011F8013BFE
:103C100000F8013B521EF7D11CE08446203A09D33C
:103C20002DE9F007B1E8F807A0E8F807203AF9D243
:103C3000BDE8F0071C3205D451F8043B40F8043BC2
:103C4000121FF9D2043205D011F8013B00F8013BF4
:103C5000521EF9D16046704700220B0011001A0075
:103C600084465AB3830704D000F8011B521EF9D1D1
:103C700024E0C9B241EA012141EA0141202A11D3DD
:103C8000203A2DE9F0030B460C460D460E460F4632
:103C900088468946A0E8FA03203AFBD2BDE8F00343
:103CA00020320BD0042A05D340F8041B121F05D084
:103CB000042AF9D200F8011B521EFBD1604670475E
:103CC00084460020002918BF002A0ED0097848B287
:103CD00000280BD4BCF1000F18BFCCF80010002155
:103CE000C3E90011002818BF012070476FF00100E0
:103CF00070477F298EBF6FF001000170012070476F
:103D000043F6C861C2F200010968002904BF42F607
:103D1000FC31C2F20001496889680A68092110472C
:103D20007F280BD846F27402C0F2030246F2F40375
:103D3000C0F20303105C595C0840704700207047D4
:103D4000A0F161011A2938BF20387047A0F1410164
:103D50001A2938BF203070477F280BD846F27402EA
:103D6000C0F2030246F2F403C0F20303105C595C94
:103D70000840704700207047A0F161011A2938BF40
:103D800020387047A0F141011A2938BF2030704710
:083D900045BE02000000000026
:103D9800B5A7020000000000D9B10200142C0020D1
:103DA8009B9F0200342C0020E980020000000000E4
:103DB800BBA50200000000009DB90200E02A002017
:103DC8007DB40200282C0020B56902000000000024
:083DD80069BE020000000000BA
:103DE000753803000000000049390300000000009E
:103DF0006C370020A4360020AC360020AC36002002
:043E000018000000A6
:103E0400CC46030000000000A847030000000000A7
:103E14002448030000000000FC48030000000000E8
:103E2400D8490300000000004858030000000303C1
:103E3400584A030000000000904B030000000000FB
:103E4400E8430300000004042046030000000000CF
:103E54009042030000000303F4590300000003032D
:103E6400EC5A030000000303505E03000000030348
:103E7400BC50030000000000DC51030000000000FF
:103E84008857030000000000A8570300AC2B002053
:103E9400433A5C55736572735C4A756E674D696E1F
:103EA4005C446F776E6C6F6164735C6E7266355FD1
:103EB40073646B5F31372E312E305F646464653513
:103EC40036305C6E5246355F53444B5F31372E318A
:103ED4002E305F646464653536305C6578616D707E
:103EE4006C65735C626C655F70657269706865723D
:103EF400616C5C626C655F6170705F756172745C4B
:103F04006D61696E2E6300004E6F726469635F5564
:103F14004152540052656365697665642064617436
:103F2400612066726F6D20424C45204E55532E2001
:103F340057726974696E672064617461206F6E20C2
:103F4400554152542E0000004E5553206576656E3F
:103F540074206973204E554C4C0000004E5553207C
:103F64006576656E7420747970653A202564000066
:103F74004E5553203A3A3A3A3A3A20636F6D6D758A
:103F84006E69636174696F6E2073746172746564C1
:103F9400202D20424C455F4E55535F4556545F4398
:103FA4004F4D4D5F53544152544544004E55532098
:103FB400636F6D6D756E69636174696F6E20737480
:103FC4006F707065640000004E5553205258206491
:103FD40061746120697320656D707479000000005C
:103FE4004E55533A20636F6E6E2068616E646C6543
:103FF400203D2025640000004661696C65642072E0
:104004006563656976696E67204E5553206D6573E7
:10401400736167652E204572726F7220307825783F
:1040240000000000556E6B6E6F776E204E55532066
:104034006576656E7420747970653A202564000095
:10404400464C4F572030303100000000464C4F574B
:104054002030303200000000464C4F5720303033BF
:104064000000000020646174612068616E646C6506
:1040740072203D203078253038580000464C4F5788
:10408400203030340000000063202D2D20436F6E5B
:104094006E65637465640000446973636F6E6E6576
:1040A400637465640000000044617461206C656E93
:1040B4002069732073657420746F20307825582824
:1040C4002564290008000000060000000500000027
:1040D400070000000000000000E0D7010D0A554170
:1040E400525420737461727465642E0D00000000D4
:1040F4004465627567206C6F6767696E6720666FD9
:10410400722055415254206F7665722052545420C7
:10411400737461727465642E000000002E2E2F2EBD
:104124002E2F2E2E2F2E2E2F2E2E2F2E2E2F6D6F26
:1041340064756C65732F6E7266782F68616C2F6E70
:1041440072665F6770696F2E68000000433A5C55C1
:10415400736572735C4A756E674D696E5C446F7704
:104164006E6C6F6164735C6E7266355F73646B5FF3
:1041740031372E312E305F646464653536305C6EC1
:104184005246355F53444B5F31372E312E305F64D6
:104194006464653536305C636F6D706F6E656E7424
:1041A400735C626F617264735C626F617264732EBC
:1041B40063000000111213140D0E0F102E2E2F2E5B
:1041C4002E2F2E2E2F2E2E2F2E2E2F2E2E2F6D6F86
:1041D40064756C65732F6E7266782F68616C2F6ED0
:1041E40072665F6770696F2E68000000082B0020FC
:1041F400282B0020482B00200D000300A17602008C
:104204000E000300A17602000F000300A176020055
:1042140010000300A1760200433A5C557365727383
:104224005C4A756E674D696E5C446F776E6C6F6146
:1042340064735C6E7266355F73646B5F31372E3105
:104244002E305F646464653536305C6E5246355F8B
:1042540053444B5F31372E312E305F6464646535CF
:1042640036305C636F6D706F6E656E74735C626C18
:10427400655C636F6D6D6F6E5C626C655F636F6EC2
:104284006E5F73746174652E630000006E72665F06
:10429400626C655F676174740000000073645F6240
:1042A4006C655F6761705F646174615F6C656E67A4
:1042B40074685F757064617465282920287265715B
:1042C4007565737429206F6E20636F6E6E656374F9
:1042D400696F6E20307825782072657475726E650A
:1042E400642025732E000000546865207265717582
:1042F40065737465642054582F5258207061636B41
:104304006574206C656E67746820697320746F6FC0
:10431400206C6F6E672062792025752F2575206FBC
:1043240063746574732E000054686520726571753A
:10433400657374656420636F6D62696E6174696F1F
:104344006E206F6620545820616E6420525820708D
:1043540061636B6574206C656E6774687320697340
:1043640020746F6F206C6F6E672062792025752032
:104374006D6963726F7365636F6E64732E00000002
:1043840073645F626C655F67617474635F657863AF
:1043940068616E67655F6D74755F7265717565736D
:1043A4007428292072657475726E65642025732ED5
:1043B4000000000073645F626C655F67617474730E
:1043C4005F65786368616E67655F6D74755F72655C
:1043D400706C7928292072657475726E6564202565
:1043E400732E0000626C655F6E7573006F6E5F63A1
:1043F4006F6E6E6563742829204E555300000000CB
:10440400705F626C655F657674203D20307825307E
:1044140034582C3078253034582000006166746597
:104424007220705F626C655F657674203D20307821
:10443400253034582C3078253034582000000000C2
:104444004C696E6B20636F6E7465787420666F724E
:104454002030782530325820636F6E6E656374693E
:104464006F6E2068616E646C6520636F756C642088
:104474006E6F7420626520666574636865642E00DF
:1044840065727220636F646520203D20307825308A
:1044940038582C203078253034582C20307825306A
:1044A400345820004C696E6B20636F6E74657874A9
:1044B40020666F72202D2D30302D2D33000000002A
:1044C4004C696E6B20636F6E7465787420666F72CE
:1044D400202D2D30302D2D34000000004C696E6BE2
:1044E40020636F6E7465787420666F72202D2D3092
:1044F40030322D2D000000004C696E6B20636F6E0E
:104504007465787420666F72202D2D3030332D2D14
:10451400000000004C696E6B20636F6E74657874E4
:1045240020666F72202D2D30342D2D00206F6E5F8C
:10453400777269746528292063616C6C6564000076
:1045440020636F6E6E5F68616E646C65203D203021
:1045540078253038782C20307825303878000000E1
:104564006E6F74696669636174696F6E5F656E61AD
:10457400626C6564203D20747275650044617461E9
:104584002048616E646C65722063616C6C0000008D
:104594004E55533A20424C455F4E55535F45565451
:1045A4005F434F4D4D5F5354415254454400000006
:1045B4004E55533A20636F6E6E2068616E646C656D
:1045C400203D20256400000048454C4C4F20746574
:1045D400737420574F524C44000000004E55532032
:1045E4003A20436F6E6E65637465642000000000BA
:1045F4009ECADC240EE5A9E093F3A3B50000406E47
:104604002073656E642056616C75652048616E6424
:104614006C6520307825303878000000636C6F6357
:104624006B000000433A5C55736572735C4A756EA7
:10463400674D696E5C446F776E6C6F6164735C6E1A
:104644007266355F73646B5F31372E312E305F6471
:104654006464653536305C6E5246355F53444B5F57
:1046640031372E312E305F646464653536305C69D1
:104674006E746567726174696F6E5C6E7266785C85
:104684006C65676163795C6E72665F6472765F63A2
:104694006C6F636B2E6300002E2E2F2E2E2F2E2E6A
:1046A4002F2E2E2F2E2E2F2E2E2F696E74656772AD
:1046B4006174696F6E2F6E7266782F6E7266785FA2
:1046C400676C75652E680000434C4F434B00000037
:1046D400433A5C55736572735C4A756E674D696ED7
:1046E4005C446F776E6C6F6164735C6E7266355F89
:1046F40073646B5F31372E312E305F6464646535CB
:1047040036305C6E5246355F53444B5F31372E3141
:104714002E305F646464653536305C6D6F64756C2F
:1047240065735C6E7266785C647269766572735CDC
:104734007372635C6E7266785F636C6F636B2E6317
:10474400000000002E2E2F2E2E2F2E2E2F2E2E2F39
:104754002E2E2F2E2E2F696E746567726174696F09
:104764006E2F6E7266782F6E7266785F676C7565F1
:104774002E6800002E2E2F2E2E2F2E2E2F2E2E2F73
:104784002E2E2F2E2E2F6D6F64756C65732F6E7207
:1047940066782F68616C2F6E72665F6770696F2E22
:1047A400680000004750494F54450000433A5C55A7
:1047B400736572735C4A756E674D696E5C446F779E
:1047C4006E6C6F6164735C6E7266355F73646B5F8D
:1047D40031372E312E305F646464653536305C6E5B
:1047E4005246355F53444B5F31372E312E305F6470
:1047F4006464653536305C6D6F64756C65735C6ECE
:104804007266785C647269766572735C7372635CF9
:104814006E7266785F6770696F74652E630000005E
:1048240050525300433A5C55736572735C4A756E1B
:10483400674D696E5C446F776E6C6F6164735C6E18
:104844007266355F73646B5F31372E312E305F646F
:104854006464653536305C6E5246355F53444B5F55
:1048640031372E312E305F646464653536305C6DCB
:104874006F64756C65735C6E7266785C647269767D
:104884006572735C7372635C7072735C6E7266786B
:104894005F7072732E6300002E2E2F2E2E2F2E2E5D
:1048A4002F2E2E2F2E2E2F2E2E2F696E74656772AB
:1048B4006174696F6E2F6E7266782F6E7266785FA0
:1048C400676C75652E6800002E2E2F2E2E2F2E2E2F
:1048D4002F2E2E2F2E2E2F2E2E2F6D6F64756C657E
:1048E400732F6E7266782F68616C2F6E72665F67C5
:1048F40070696F2E6800000055415254000000009A
:10490400433A5C55736572735C4A756E674D696EA4
:104914005C446F776E6C6F6164735C6E7266355F56
:1049240073646B5F31372E312E305F646464653598
:1049340036305C6E5246355F53444B5F31372E310F
:104944002E305F646464653536305C6D6F64756CFD
:1049540065735C6E7266785C647269766572735CAA
:104964007372635C6E7266785F756172742E630035
:10497400CDDD02002E2E2F2E2E2F2E2E2F2E2E2F5B
:104984002E2E2F2E2E2F696E746567726174696FD7
:104994006E2F6E7266782F6E7266785F676C7565BF
:1049A4002E6800002E2E2F2E2E2F2E2E2F2E2E2F41
:1049B4002E2E2F2E2E2F6D6F64756C65732F6E72D5
:1049C40066782F68616C2F6E72665F6770696F2EF0
:1049D400680000005541525445000000433A5C55BC
:1049E400736572735C4A756E674D696E5C446F776C
:1049F4006E6C6F6164735C6E7266355F73646B5F5B
:104A040031372E312E305F646464653536305C6E28
:104A14005246355F53444B5F31372E312E305F643D
:104A24006464653536305C6D6F64756C65735C6E9B
:104A34007266785C647269766572735C7372635CC7
:104A44006E7266785F75617274652E630000000093
:104A540011EA02006170705F627574746F6E000019
:104A6400433A5C55736572735C4A756E674D696E43
:104A74005C446F776E6C6F6164735C6E7266355FF5
:104A840073646B5F31372E312E305F646464653537
:104A940036305C6E5246355F53444B5F31372E31AE
:104AA4002E305F646464653536305C636F6D706F9F
:104AB4006E656E74735C6C69627261726965735C55
:104AC400627574746F6E5C6170705F627574746F1C
:104AD4006E2E6300702B0020534F465444455649B4
:104AE40043453A20415353455254494F4E20464181
:104AF400494C454400000000534F46544445564930
:104B040043453A20494E56414C4944204D454D4F6A
:104B140052592041434345535300000041535345E8
:104B24005254494F4E204641494C4544206174201B
:104B340025733A25750000004552524F52202575C1
:104B4400205B25735D2061742025733A25750D0A59
:104B540050432061743A20307825303878000000C2
:104B6400456E64206F66206572726F722072657084
:104B74006F727400554E4B4E4F574E204641554C64
:104B84005420617420307825303858006170705F8B
:104B940074696D6572000000433A5C557365727305
:104BA4005C4A756E674D696E5C446F776E6C6F61BD
:104BB40064735C6E7266355F73646B5F31372E317C
:104BC4002E305F646464653536305C6E5246355F02
:104BD40053444B5F31372E312E305F646464653546
:104BE40036305C636F6D706F6E656E74735C6C6988
:104BF400627261726965735C74696D65725C61701F
:104C0400705F74696D6572322E63000001000600E6
:104C14000000000008360020B5F30200FFFFFFFF8C
:104C2400FFFFFFFFFFFFFFFFFFFFFFFF000000008C
:104C3400000000000000D60106010000433A5C5564
:104C4400736572735C4A756E674D696E5C446F7709
:104C54006E6C6F6164735C6E7266355F73646B5FF8
:104C640031372E312E305F646464653536305C6EC6
:104C74005246355F53444B5F31372E312E305F64DB
:104C84006464653536305C636F6D706F6E656E7429
:104C9400735C6C69627261726965735C756172746C
:104CA4005C6170705F756172745F6669666F2E63B4
:104CB40000000000433A5C55736572735C4A756E7C
:104CC400674D696E5C446F776E6C6F6164735C6E84
:104CD4007266355F73646B5F31372E312E305F64DB
:104CE4006464653536305C6E5246355F53444B5FC1
:104CF40031372E312E305F646464653536305C6341
:104D04006F6D706F6E656E74735C6C6962726172E4
:104D14006965735C7574696C5C6170705F757469E6
:104D24006C5F706C6174666F726D2E6300000000BE
:104D34002E2E2F2E2E2F2E2E2F2E2E2F2E2E2F2E8A
:104D44002E2F696E746567726174696F6E2F6E724F
:104D540066782F6E7266785F676C75652E680000E2
:104D64002E2E2F2E2E2F2E2E2F2E2E2F2E2E2F2E5A
:104D74002E2F6D6F64756C65732F6E7266782F6855
:104D8400616C2F6E72665F7274632E68000000009F
:104D9400433A5C55736572735C4A756E674D696E10
:104DA4005C446F776E6C6F6164735C6E7266355FC2
:104DB40073646B5F31372E312E305F646464653504
:104DC40036305C6E5246355F53444B5F31372E317B
:104DD4002E305F646464653536305C636F6D706F6C
:104DE4006E656E74735C6C69627261726965735C22
:104DF40074696D65725C6472765F7274632E6300AD
:104E040052544320696E7374616E636520616C72E1
:104E14006561647920696E697469616C697A656435
:104E24002E0000005254433A20696E697469616C23
:104E3400697A65642E0000005254433A20556E6925
:104E44006E697469616C697A65642E000338FDD8F3
:104E540070470000433A5C55736572735C4A756E23
:104E6400674D696E5C446F776E6C6F6164735C6EE2
:104E74007266355F73646B5F31372E312E305F6439
:104E84006464653536305C6E5246355F53444B5F1F
:104E940031372E312E305F646464653536305C639F
:104EA4006F6D706F6E656E74735C6C696272617243
:104EB4006965735C62616C6C6F635C6E72665F6281
:104EC400616C6C6F632E6300433A5C557365727357
:104ED4005C4A756E674D696E5C446F776E6C6F618A
:104EE40064735C6E7266355F73646B5F31372E3149
:104EF4002E305F646464653536305C6E5246355FCF
:104F040053444B5F31372E312E305F646464653512
:104F140036305C65787465726E616C5C667072695B
:104F24006E74665C6E72665F667072696E74662E0D
:104F340063000000433A5C55736572735C4A756E96
:104F4400674D696E5C446F776E6C6F6164735C6E01
:104F54007266355F73646B5F31372E312E305F6458
:104F64006464653536305C6E5246355F53444B5F3E
:104F740031372E312E305F646464653536305C65BC
:104F8400787465726E616C5C667072696E74665C6E
:104F94006E72665F667072696E74665F666F726D5C
:104FA40061742E63000000003031323334353637FB
:104FB4003839414243444546433A5C5573657273FC
:104FC4005C4A756E674D696E5C446F776E6C6F6199
:104FD40064735C6E7266355F73646B5F31372E3158
:104FE4002E305F646464653536305C6E5246355FDE
:104FF40053444B5F31372E312E305F646464653522
:1050040036305C636F6D706F6E656E74735C6C6963
:10501400627261726965735C6D656D6F626A5C6E04
:1050240072665F6D656D6F626A2E63002E2E2F2E81
:105034002E2F2E2E2F2E2E2F2E2E2F2E2E2F636F11
:105044006D706F6E656E74732F6C696272617269D4
:1050540065732F6578706572696D656E74616C5FD8
:1050640073656374696F6E5F766172732F6E7266B7
:105074005F73656374696F6E5F697465722E68002F
:105084002E2E2F2E2E2F2E2E2F2E2E2F2E2E2F2E37
:105094002E2F636F6D706F6E656E74732F6C696203
:1050A4007261726965732F6D757465782F6E72669F
:1050B4005F6D74782E6800007077725F6D676D7431
:1050C40000000000433A5C55736572735C4A756E68
:1050D400674D696E5C446F776E6C6F6164735C6E70
:1050E4007266355F73646B5F31372E312E305F64C7
:1050F4006464653536305C6E5246355F53444B5FAD
:1051040031372E312E305F646464653536305C632C
:105114006F6D706F6E656E74735C6C6962726172D0
:105124006965735C7077725F6D676D745C6E7266CF
:105134005F7077725F6D676D742E6300D83D0300F6
:10514400D83D030004000000433A5C557365727354
:105154005C4A756E674D696E5C446F776E6C6F6107
:1051640064735C6E7266355F73646B5F31372E31C6
:105174002E305F646464653536305C6E5246355F4C
:1051840053444B5F31372E312E305F646464653590
:1051940036305C636F6D706F6E656E74735C6C69D2
:1051A400627261726965735C6578706572696D6558
:1051B4006E74616C5F73656374696F6E5F76617240
:1051C400735C6E72665F73656374696F6E5F697436
:1051D40065722E6300000000736F72746C697374DF
:1051E40000000000433A5C55736572735C4A756E47
:1051F400674D696E5C446F776E6C6F6164735C6E4F
:105204007266355F73646B5F31372E312E305F64A5
:105214006464653536305C6E5246355F53444B5F8B
:1052240031372E312E305F646464653536305C630B
:105234006F6D706F6E656E74735C6C6962726172AF
:105244006965735C736F72746C6973745C6E726697
:105254005F736F72746C6973742E6300556E6B6E3A
:105264006F776E206572726F7220636F64650000E1
:105274004E52465F53554343455353004E52465F87
:105284004552524F525F5356435F48414E444C453A
:10529400525F4D495353494E470000004E52465FFA
:1052A4004552524F525F534F465444455649434525
:1052B4005F4E4F545F454E41424C45440000000050
:1052C4004E52465F4552524F525F494E5445524EDC
:1052D400414C00004E52465F4552524F525F4E4F72
:1052E4005F4D454D000000004E52465F4552524FFF
:1052F400525F4E4F545F464F554E44004E52465FE8
:105304004552524F525F4E4F545F535550504F5277
:10531400544544004E52465F4552524F525F494EE7
:1053240056414C49445F504152414D004E52465FF4
:105334004552524F525F494E56414C49445F535473
:10534400415445004E52465F4552524F525F494EBA
:1053540056414C49445F4C454E47544800000000B8
:105364004E52465F4552524F525F494E56414C4948
:10537400445F464C414753004E52465F4552524F9C
:10538400525F494E56414C49445F444154410000E8
:105394004E52465F4552524F525F444154415F530F
:1053A400495A45004E52465F4552524F525F544946
:1053B4004D454F55540000004E52465F4552524FE2
:1053C400525F4E554C4C00004E52465F4552524F70
:1053D400525F464F5242494444454E004E52465F46
:1053E4004552524F525F494E56414C49445F4144E5
:1053F400445200004E52465F4552524F525F42554E
:10540400535900004E52465F4552524F525F434F2C
:105414004E4E5F434F554E54000000004E52465FBF
:105424004552524F525F5245534F555243455300D4
:105434004E52465F4552524F525F4D4F44554C4574
:105444005F4E4F545F494E495449414C495A454473
:10545400000000004E52465F4552524F525F4D5578
:105464005445585F494E49545F4641494C454400B0
:105474004E52465F4552524F525F4D555445585F08
:105484004C4F434B5F4641494C4544004E52465FA6
:105494004552524F525F4D555445585F554E4C4FEF
:1054A400434B5F4641494C45440000004E52465F21
:1054B4004552524F525F4D555445585F434F4E44E9
:1054C4005F494E49545F4641494C45440000000041
:1054D4004E52465F4552524F525F4D4F44554C45D4
:1054E4005F414C52454144595F494E495449414CEE
:1054F400495A4544000000004E52465F4552524FFF
:10550400525F53544F524147455F46554C4C00003F
:105514004E52465F4552524F525F4150495F4E4F83
:10552400545F494D504C454D454E54454400000090
:105534004E52465F4552524F525F46454154555272
:10554400455F4E4F545F454E41424C454400000078
:105554004E52465F4552524F525F494F5F50454E3F
:1055640044494E47000000004E52465F4552524F98
:10557400525F4452565F5457495F4552525F4F56EB
:10558400455252554E0000004E52465F4552524F0E
:10559400525F4452565F5457495F4552525F414EE1
:1055A40041434B004E52465F4552524F525F445264
:1055B400565F5457495F4552525F444E41434B0036
:1055C4004E52465F4552524F525F424C455F4950DE
:1055D40053505F52585F504B545F5452554E4341A1
:1055E400544544004E52465F4552524F525F424C1E
:1055F400455F495053505F4348414E4E454C5F41CF
:105604004C52454144595F45584953545300000096
:105614004E52465F4552524F525F424C455F49508D
:1056240053505F4C494E4B5F444953434F4E4E4594
:1056340043544544000000004E52465F4552524FC9
:10564400525F424C455F495053505F504545525F4D
:1056540052454A4543544544000000000000000000
:105664007452030001000000805203000200000095
:10567400A052030003000000C45203000400000011
:10568400D852030005000000EC520300060000009D
:105694000053030007000000185303000800000033
:1056A4003053030009000000485303000A000000BF
:1056B400645303000B0000007C5303000C00000043
:1056C400945303000D000000A85303000E000000D3
:1056D400BC5303000F000000CC5303001000000073
:1056E400E053030011000000F8530300120000000F
:1056F400085403001300000020540300800000003D
:105704003454030081000000585403008200000058
:1057140074540300830000009054030084000000CC
:10572400B054030085000000D45403008600000038
:10573400FC54030090000000145503009100000085
:105744003455030092000000545503000082000009
:105754006C550300018200008C5503000282000096
:10576400A855030000840000C45503000184000010
:10577400E85503000284000014560300038400006B
:105784003C560300AD1D0300DF1D0300D51D0300BF
:105794000000000000000000000000000338FDD8F5
:1057A400704700007274745F6C6F675F6261636B53
:1057B400656E6400433A5C55736572735C4A756E3A
:1057C400674D696E5C446F776E6C6F6164735C6E79
:1057D4007266355F73646B5F31372E312E305F64D0
:1057E4006464653536305C6E5246355F53444B5FB6
:1057F40031372E312E305F646464653536305C6336
:105804006F6D706F6E656E74735C6C6962726172D9
:105814006965735C6C6F675C7372635C6E72665F00
:105824006C6F675F64656661756C745F6261636BFE
:10583400656E64732E630000743700207F000000DF
:10584400F437002061707000433A5C5573657273DD
:105854005C4A756E674D696E5C446F776E6C6F6100
:1058640064735C6E7266355F73646B5F31372E31BF
:105874002E305F646464653536305C6E5246355F45
:1058840053444B5F31372E312E305F646464653589
:1058940036305C636F6D706F6E656E74735C6C69CB
:1058A400627261726965735C6C6F675C7372635C6E
:1058B4006E72665F6C6F675F66726F6E74656E643E
:1058C4002E6300004261636B656E647320666C75C1
:1058D40073686564000000006572726F72000000F6
:1058E4007761726E696E6700696E666F0000000012
:1058F40064656275670000001B5B306D000000008A
:105904001B5B313B33306D001B5B313B33316D002E
:105914001B5B313B33326D001B5B313B33336D001A
:105924001B5B313B33346D001B5B313B33356D0006
:105934001B5B313B33366D001B5B313B33376D00F2
:1059440025734C6F67732064726F707065642028D0
:1059540025642925730D0A00257300003C25733E38
:105964002025733A200000000D0A00002025303263
:1059740078000000202020007C0000002563000047
:10598400200000005465726D696E616C00000000B7
:105994005254540053454747455200002E2E2F2E93
:1059A4002E2F2E2E2F2E2E2F2E2E2F2E2E2F636F98
:1059B4006D706F6E656E74732F6C6962726172695B
:1059C40065732F6578706572696D656E74616C5F5F
:1059D40073656374696F6E5F766172732F6E72663E
:1059E4005F73656374696F6E5F697465722E6800B6
:1059F4006E72665F73646800433A5C5573657273D4
:105A04005C4A756E674D696E5C446F776E6C6F614E
:105A140064735C6E7266355F73646B5F31372E310D
:105A24002E305F646464653536305C6E5246355F93
:105A340053444B5F31372E312E305F6464646535D7
:105A440036305C636F6D706F6E656E74735C736F0C
:105A540066746465766963655C636F6D6D6F6E5CB7
:105A64006E72665F7364682E6300000001000007B5
:105A7400D83D0300D83D030008000000D83D0300D2
:105A8400E03D030008000000E03D0300F03D03009A
:105A9400080000002E2E2F2E2E2F2E2E2F2E2E2FCE
:105AA4002E2E2F2E2E2F636F6D706F6E656E747396
:105AB4002F6C69627261726965732F6578706572A3
:105AC400696D656E74616C5F73656374696F6E5F35
:105AD400766172732F6E72665F73656374696F6E3D
:105AE4005F697465722E68006E72665F7364685FC6
:105AF400626C650073645F626C655F6366675F73A5
:105B0400657428292072657475726E656420257326
:105B1400207768656E20617474656D7074696E6752
:105B240020746F2073657420424C455F434F4E4E82
:105B34005F4346475F4741502E00000073645F6235
:105B44006C655F6366675F7365742829207265748A
:105B540075726E6564202573207768656E206174A4
:105B640074656D7074696E6720746F20736574203A
:105B7400424C455F4741505F4346475F524F4C4557
:105B84005F434F554E542E0073645F626C655F63D0
:105B940066675F73657428292072657475726E6513
:105BA40064202573207768656E20617474656D7058
:105BB40074696E6720746F2073657420424C455F6E
:105BC400434F4E4E5F4346475F474154542E0000B7
:105BD40073645F626C655F6366675F7365742829CD
:105BE4002072657475726E6564202573207768650C
:105BF4006E20617474656D7074696E6720746F20B3
:105C040073657420424C455F434F4D4D4F4E5F4387
:105C140046475F56535F555549442E0073645F628F
:105C24006C655F6366675F736574282920726574A9
:105C340075726E6564202573207768656E206174C3
:105C440074656D7074696E6720746F207365742059
:105C5400424C455F47415454535F4346475F415468
:105C640054525F5441425F53495A452E000000008C
:105C740073645F626C655F6366675F73657428292C
:105C84002072657475726E6564202573207768656B
:105C94006E20617474656D7074696E6720746F2012
:105CA40073657420424C455F47415454535F4346E7
:105CB400475F534552564943455F4348414E474524
:105CC400442E0000496E73756666696369656E7477
:105CD4002052414D20616C6C6F6361746564206671
:105CE4006F722074686520536F66744465766963C7
:105CF400652E00004368616E6765207468652052F4
:105D0400414D207374617274206C6F636174696FA8
:105D14006E2066726F6D203078257820746F203085
:105D24007825782E000000004D6178696D756D202E
:105D340052414D2073697A6520666F7220617070DC
:105D44006C69636174696F6E20697320307825789B
:105D54002E00000073645F626C655F656E61626C47
:105D64006528292072657475726E65642025732E0A
:105D740000000000433A5C55736572735C4A756EAB
:105D8400674D696E5C446F776E6C6F6164735C6EB3
:105D94007266355F73646B5F31372E312E305F640A
:105DA4006464653536305C6E5246355F53444B5FF0
:105DB40031372E312E305F646464653536305C6370
:105DC4006F6D706F6E656E74735C736F667464650B
:105DD400766963655C636F6D6D6F6E5C6E72665F32
:105DE4007364685F626C652E63000000983D030075
:105DF400D83D0300080000002E2E2F2E2E2F2E2E0D
:105E04002F2E2E2F2E2E2F2E2E2F636F6D706F6E32
:105E1400656E74732F6C69627261726965732F6544
:105E240078706572696D656E74616C5F73656374B7
:105E3400696F6E5F766172732F6E72665F736563EE
:105E440074696F6E5F697465722E68006E72665F46
:105E54007364685F736F6300433A5C557365727370
:105E64005C4A756E674D696E5C446F776E6C6F61EA
:105E740064735C6E7266355F73646B5F31372E31A9
:105E84002E305F646464653536305C6E5246355F2F
:105E940053444B5F31372E312E305F646464653573
:105EA40036305C636F6D706F6E656E74735C736FA8
:105EB40066746465766963655C636F6D6D6F6E5C53
:105EC4006E72665F7364685F736F632E63000000B5
:105ED400903D0300983D030008000000A55F030007
:105EE4001C600300A85F030053756E646179004D64
:105EF4006F6E6461790054756573646179005765E8
:105F0400646E657364617900546875727364617951
:105F140000467269646179005361747572646179D1
:105F240000004A616E75617279004665627275613E
:105F34007279004D6172636800417072696C004D42
:105F44006179004A756E65004A756C790041756720
:105F54007573740053657074656D626572004F6388
:105F6400746F626572004E6F76656D62657200448F
:105F74006563656D6265720000414D00504D00001F
:105F8400256D2F25642F25790025483A254D3A257E
:105F9400530025612025622025652025542025599C
:105FA40000430000213D0300413D03004D3D03003B
:105FB400593D0300793D0300853D0300F33C030094
:105FC400C13C030053756E004D6F6E00547565003F
:105FD4005765640054687500467269005361740023
:105FE400004A616E00466562004D61720041707244
:105FF400004D6179004A756E004A756C0041756701
:1060040000536570004F6374004E6F7600446563FF
:1060140000002E000000000016600300186003005A
:106024001860030018600300186003001860030080
:106034001860030018600300186003001860030070
:10604400FFFFFFFFFFFFFFFFFFFFFFFFFFFF00005A
:10605400EC5E0300C85F0300265F0300E55F0300F6
:106064007D5F0300845F03008D5F0300965F030080
:1060740020202020202020202068282828282020B4
:10608400202020202020202020202020202020200C
:1060940048101010101010101010101010101010C4
:1060A4008484848484848484848410101010101064
:1060B40010818181818181010101010101010101BD
:1060C4000101010101010101010101101010101071
:1060D400108282828282820202020202020202028E
:1060E4000202020202020202020202101010102036
:0D60F4000007032004170201085710408028
:10610400102C00200100040000000000000000002A
:10611400000000000000000000000000D82A002059
:1061240000000000FFFF1400010002000000000056
:106134000000000000000000FFFFFFFFFFFFFFFF63
:10614400000000000000000000000000000000004B
:106154000000000000000000FFFFFFFFFFFFFFFF43
:10616400000000000000000000000000000000002B
:106174000000000000000000FFFFFFFFFFFFFFFF23
:10618400000000000000000000000000000000000B
:106194000090D00300000000000000000000000098
:1061A400FFFFFFFFFFFFFFFF0000000000000000F3
:1061B4000000000000000000001001401100040075
:1061C400000000000020004000000000002000400B
:1061D4000000000000000000FF000000FF000000BD
:1061E40000000000DC580300E4580300EC580300EE
:1061F400F4580300FC580300045903000C5903002D
:10620400145903001C590300245903002C5903009A
:10621400345903003C590300B83E0020BC3E002022
:10622400C03E0020E05E0300E05E0300E05E030089
:08623400E05E0300E05E0300E0
:04000003200062195E
:00000001FF
